2025-04-26 15:43:37,325 - INFO - Logging in to email account...
2025-04-26 15:43:39,501 - INFO - Logged in to email account successfully.
2025-04-26 15:45:54,729 - INFO - Done
2025-04-26 15:45:58,292 - INFO - Done
2025-04-26 15:46:02,673 - INFO - Done
2025-04-26 15:46:06,818 - INFO - Done
2025-04-26 15:46:12,538 - INFO - Done
2025-04-26 15:46:22,277 - INFO - Done
2025-04-26 15:46:37,488 - INFO - Done
2025-04-26 15:46:51,462 - INFO - Done
2025-04-26 15:47:05,530 - INFO - Done
2025-04-26 15:47:22,315 - INFO - Done
2025-04-26 15:47:40,128 - INFO - Done
2025-04-26 15:47:56,113 - INFO - Done
2025-04-26 15:48:14,140 - INFO - Done
2025-04-26 15:48:33,237 - INFO - Done
2025-04-26 15:48:50,796 - INFO - Done
2025-04-26 15:49:06,971 - INFO - Done
2025-04-26 15:49:20,799 - INFO - Done
2025-04-26 15:49:33,500 - INFO - Done
2025-04-26 15:49:50,310 - INFO - Done
2025-04-26 15:50:08,017 - INFO - Done
2025-04-26 15:50:22,007 - INFO - Done
2025-04-26 15:50:39,031 - INFO - Done
2025-04-26 15:50:54,700 - INFO - Done
2025-04-26 15:51:08,385 - INFO - Done
2025-04-26 15:51:22,344 - INFO - Done
2025-04-26 15:51:38,182 - INFO - Done
2025-04-26 15:51:52,664 - INFO - Done
2025-04-26 15:52:08,182 - INFO - Done
2025-04-26 15:52:21,735 - INFO - Done
2025-04-26 15:52:37,133 - INFO - Done
2025-04-26 15:52:49,596 - INFO - Done
2025-04-26 15:53:02,606 - INFO - Done
2025-04-26 15:53:16,983 - INFO - Done
2025-04-26 15:53:30,145 - INFO - Done
2025-04-26 15:53:33,715 - INFO - Done
2025-04-26 15:53:49,809 - INFO - Done
2025-04-26 15:54:04,064 - INFO - Done
2025-04-26 15:54:19,670 - INFO - Done
2025-04-26 15:54:35,543 - INFO - Done
2025-04-26 15:54:50,596 - INFO - Done
2025-04-26 15:55:03,633 - INFO - Done
2025-04-26 15:55:17,262 - INFO - Done
2025-04-26 15:55:30,874 - INFO - Done
2025-04-26 15:55:45,422 - INFO - Done
2025-04-26 15:56:02,421 - INFO - Done
2025-04-26 15:56:17,076 - INFO - Done
2025-04-26 15:56:31,301 - INFO - Done
2025-04-26 15:56:44,634 - INFO - Done
2025-04-26 15:57:04,626 - INFO - Done
2025-04-26 15:57:19,842 - INFO - Done
2025-04-26 15:57:34,896 - INFO - Done
2025-04-26 15:57:48,411 - INFO - Done
2025-04-26 15:58:06,556 - INFO - Done
2025-04-26 15:58:25,092 - INFO - Done
2025-04-26 15:58:42,580 - INFO - Done
2025-04-26 15:58:55,898 - INFO - Done
2025-04-26 15:59:02,117 - INFO - Done
2025-04-26 15:59:15,862 - INFO - Done
2025-04-26 15:59:29,482 - INFO - Done
2025-04-26 16:06:52,072 - INFO - Done
2025-04-26 16:06:59,685 - INFO - Done
2025-04-26 16:07:06,188 - INFO - Done
2025-04-26 16:07:09,973 - INFO - Done
2025-04-26 16:07:14,489 - INFO - Done
2025-04-26 16:07:18,232 - INFO - Done
2025-04-26 16:07:22,872 - INFO - Done
2025-04-26 16:07:27,277 - INFO - Done
2025-04-26 16:07:33,448 - INFO - Done
2025-04-26 16:53:09,563 - INFO - Done
2025-04-26 16:53:17,189 - INFO - Done
2025-04-26 16:53:20,727 - INFO - Done
2025-04-26 16:53:25,434 - INFO - Done
2025-04-26 16:53:32,395 - INFO - Done
2025-04-26 16:53:38,075 - INFO - Done
2025-04-26 16:53:42,173 - INFO - Done
2025-04-26 16:53:46,741 - INFO - Done
2025-04-26 16:53:51,083 - INFO - Done
2025-04-26 16:53:55,342 - INFO - Done
2025-04-26 16:53:58,928 - INFO - Done
2025-04-26 16:54:02,969 - INFO - Done
2025-04-26 16:54:07,110 - INFO - Done
2025-04-26 16:54:11,314 - INFO - Done
2025-04-26 16:54:15,721 - INFO - Done
2025-04-26 16:54:19,642 - INFO - Done
2025-04-26 16:54:23,478 - INFO - Done
2025-04-26 16:54:27,763 - INFO - Done
2025-04-26 16:54:32,544 - INFO - Done
2025-04-26 16:54:38,246 - INFO - Done
2025-04-26 16:54:42,200 - INFO - Done
2025-04-26 16:54:47,465 - INFO - Done
2025-04-26 16:54:51,757 - INFO - Done
2025-04-26 16:54:56,860 - INFO - Done
2025-04-26 16:55:01,513 - INFO - Done
2025-04-26 16:55:06,415 - INFO - Done
2025-04-26 16:55:11,465 - INFO - Done
2025-04-26 16:55:15,257 - INFO - Done
2025-04-26 16:55:19,921 - INFO - Done
2025-04-26 17:29:26,288 - INFO - Logging in to email account...
2025-04-26 17:29:28,685 - INFO - Logged in to email account successfully.
2025-04-26 17:29:28,686 - INFO - Processing incoming emails...
2025-04-26 17:29:28,686 - INFO - Fetching unread emails...
2025-04-26 17:29:28,687 - INFO - Logging in to email account...
2025-04-26 17:29:31,448 - INFO - Logged in to email account successfully.
2025-04-26 17:29:32,579 - INFO - Status: OK
2025-04-26 17:29:33,165 - INFO - Email is multipart
2025-04-26 17:29:33,501 - INFO - Logged out to email account successfully.
2025-04-26 17:29:33,502 - INFO - Authenticating email address: muhammad.faiz@dataropes.ai
2025-04-26 17:29:33,502 - INFO - Connected to database successfully.
2025-04-26 17:29:33,502 - INFO - Checking if email exists in database...
2025-04-26 17:29:33,503 - INFO - Closing database connection...
2025-04-26 17:30:19,194 - INFO - Logging in to email account...
2025-04-26 17:30:20,556 - INFO - Logged in to email account successfully.
2025-04-26 17:30:20,557 - INFO - Processing incoming emails...
2025-04-26 17:30:20,557 - INFO - Fetching unread emails...
2025-04-26 17:30:20,557 - INFO - Logging in to email account...
2025-04-26 17:30:23,365 - INFO - Logged in to email account successfully.
2025-04-26 17:30:24,594 - INFO - Status: OK
2025-04-26 17:30:25,005 - INFO - Logged out to email account successfully.
2025-04-26 17:30:26,005 - INFO - Processing incoming emails...
2025-04-26 17:30:26,006 - INFO - Fetching unread emails...
2025-04-26 17:30:26,006 - INFO - Logging in to email account...
2025-04-26 17:30:28,895 - INFO - Logged in to email account successfully.
2025-04-26 17:30:29,594 - INFO - Status: OK
2025-04-26 17:30:30,125 - INFO - Logged out to email account successfully.
2025-04-26 17:30:31,126 - INFO - Processing incoming emails...
2025-04-26 17:30:31,126 - INFO - Fetching unread emails...
2025-04-26 17:30:31,127 - INFO - Logging in to email account...
2025-04-26 17:30:32,916 - INFO - Logged in to email account successfully.
2025-04-26 17:30:33,585 - INFO - Status: OK
2025-04-26 17:30:33,924 - INFO - Logged out to email account successfully.
2025-04-26 17:30:34,925 - INFO - Processing incoming emails...
2025-04-26 17:30:34,926 - INFO - Fetching unread emails...
2025-04-26 17:30:34,926 - INFO - Logging in to email account...
2025-04-26 17:30:37,189 - INFO - Logged in to email account successfully.
2025-04-26 17:30:38,047 - INFO - Status: OK
2025-04-26 17:30:38,377 - INFO - Logged out to email account successfully.
2025-04-26 17:30:39,378 - INFO - Processing incoming emails...
2025-04-26 17:30:39,378 - INFO - Fetching unread emails...
2025-04-26 17:30:39,378 - INFO - Logging in to email account...
2025-04-26 17:30:41,526 - INFO - Logged in to email account successfully.
2025-04-26 17:30:42,514 - INFO - Status: OK
2025-04-26 17:30:42,856 - INFO - Logged out to email account successfully.
2025-04-26 17:30:43,857 - INFO - Processing incoming emails...
2025-04-26 17:30:43,857 - INFO - Fetching unread emails...
2025-04-26 17:30:43,865 - INFO - Logging in to email account...
2025-04-26 17:30:46,712 - INFO - Logged in to email account successfully.
2025-04-26 17:30:47,634 - INFO - Status: OK
2025-04-26 17:30:47,981 - INFO - Logged out to email account successfully.
2025-04-26 17:30:48,982 - INFO - Processing incoming emails...
2025-04-26 17:30:48,983 - INFO - Fetching unread emails...
2025-04-26 17:30:48,983 - INFO - Logging in to email account...
2025-04-26 17:30:51,328 - INFO - Logged in to email account successfully.
2025-04-26 17:30:52,242 - INFO - Status: OK
2025-04-26 17:30:52,755 - INFO - Logged out to email account successfully.
2025-04-26 17:30:53,756 - INFO - Processing incoming emails...
2025-04-26 17:30:53,757 - INFO - Fetching unread emails...
2025-04-26 17:30:53,757 - INFO - Logging in to email account...
2025-04-26 17:30:55,592 - INFO - Logged in to email account successfully.
2025-04-26 17:30:56,338 - INFO - Status: OK
2025-04-26 17:30:56,691 - INFO - Logged out to email account successfully.
2025-04-26 17:30:57,692 - INFO - Processing incoming emails...
2025-04-26 17:30:57,692 - INFO - Fetching unread emails...
2025-04-26 17:30:57,692 - INFO - Logging in to email account...
2025-04-26 17:30:59,428 - INFO - Logged in to email account successfully.
2025-04-26 17:31:00,212 - INFO - Status: OK
2025-04-26 17:31:00,541 - INFO - Logged out to email account successfully.
2025-04-26 17:31:01,542 - INFO - Processing incoming emails...
2025-04-26 17:31:01,542 - INFO - Fetching unread emails...
2025-04-26 17:31:01,543 - INFO - Logging in to email account...
2025-04-26 17:31:03,567 - INFO - Logged in to email account successfully.
2025-04-26 17:31:04,308 - INFO - Status: OK
2025-04-26 17:31:04,635 - INFO - Logged out to email account successfully.
2025-04-26 17:31:05,636 - INFO - Processing incoming emails...
2025-04-26 17:31:05,636 - INFO - Fetching unread emails...
2025-04-26 17:31:05,637 - INFO - Logging in to email account...
2025-04-26 17:31:07,062 - INFO - Logged in to email account successfully.
2025-04-26 17:31:07,767 - INFO - Status: OK
2025-04-26 17:31:08,126 - INFO - Logged out to email account successfully.
2025-04-26 17:31:09,127 - INFO - Processing incoming emails...
2025-04-26 17:31:09,127 - INFO - Fetching unread emails...
2025-04-26 17:31:09,135 - INFO - Logging in to email account...
2025-04-26 17:31:11,289 - INFO - Logged in to email account successfully.
2025-04-26 17:31:12,006 - INFO - Status: OK
2025-04-26 17:31:12,341 - INFO - Logged out to email account successfully.
2025-04-26 17:31:13,342 - INFO - Processing incoming emails...
2025-04-26 17:31:13,342 - INFO - Fetching unread emails...
2025-04-26 17:31:13,342 - INFO - Logging in to email account...
2025-04-26 17:31:15,693 - INFO - Logged in to email account successfully.
2025-04-26 17:31:16,718 - INFO - Status: OK
2025-04-26 17:31:17,126 - INFO - Logged out to email account successfully.
2025-04-26 17:31:18,127 - INFO - Processing incoming emails...
2025-04-26 17:31:18,127 - INFO - Fetching unread emails...
2025-04-26 17:31:18,127 - INFO - Logging in to email account...
2025-04-26 17:31:20,609 - INFO - Logged in to email account successfully.
2025-04-26 17:31:21,606 - INFO - Status: OK
2025-04-26 17:31:22,351 - INFO - Logged out to email account successfully.
2025-04-26 17:31:23,352 - INFO - Processing incoming emails...
2025-04-26 17:31:23,352 - INFO - Fetching unread emails...
2025-04-26 17:31:23,352 - INFO - Logging in to email account...
2025-04-26 17:31:26,156 - INFO - Logged in to email account successfully.
2025-04-26 17:31:27,040 - INFO - Status: OK
2025-04-26 17:31:27,673 - INFO - Logged out to email account successfully.
2025-04-26 17:31:28,674 - INFO - Processing incoming emails...
2025-04-26 17:31:28,675 - INFO - Fetching unread emails...
2025-04-26 17:31:28,675 - INFO - Logging in to email account...
2025-04-26 17:31:31,036 - INFO - Logged in to email account successfully.
2025-04-26 17:31:32,383 - INFO - Status: OK
2025-04-26 17:31:32,868 - INFO - Logged out to email account successfully.
2025-04-26 17:31:33,868 - INFO - Processing incoming emails...
2025-04-26 17:31:33,869 - INFO - Fetching unread emails...
2025-04-26 17:31:33,869 - INFO - Logging in to email account...
2025-04-26 17:31:36,889 - INFO - Logged in to email account successfully.
2025-04-26 17:31:37,612 - INFO - Status: OK
2025-04-26 17:31:37,949 - INFO - Logged out to email account successfully.
2025-04-26 17:31:38,950 - INFO - Processing incoming emails...
2025-04-26 17:31:38,950 - INFO - Fetching unread emails...
2025-04-26 17:31:38,950 - INFO - Logging in to email account...
2025-04-26 17:31:41,233 - INFO - Logged in to email account successfully.
2025-04-26 17:31:42,180 - INFO - Status: OK
2025-04-26 17:31:42,830 - INFO - Logged out to email account successfully.
2025-04-26 17:31:43,830 - INFO - Processing incoming emails...
2025-04-26 17:31:43,831 - INFO - Fetching unread emails...
2025-04-26 17:31:43,831 - INFO - Logging in to email account...
2025-04-26 17:31:46,094 - INFO - Logged in to email account successfully.
2025-04-26 17:31:46,863 - INFO - Status: OK
2025-04-26 17:31:47,193 - INFO - Logged out to email account successfully.
2025-04-26 17:31:48,193 - INFO - Processing incoming emails...
2025-04-26 17:31:48,194 - INFO - Fetching unread emails...
2025-04-26 17:31:48,194 - INFO - Logging in to email account...
2025-04-26 17:31:50,349 - INFO - Logged in to email account successfully.
2025-04-26 17:31:51,113 - INFO - Status: OK
2025-04-26 17:31:51,635 - INFO - Logged out to email account successfully.
2025-04-26 17:31:52,636 - INFO - Processing incoming emails...
2025-04-26 17:31:52,636 - INFO - Fetching unread emails...
2025-04-26 17:31:52,637 - INFO - Logging in to email account...
2025-04-26 17:31:55,350 - INFO - Logged in to email account successfully.
2025-04-26 17:31:56,137 - INFO - Status: OK
2025-04-26 17:31:56,495 - INFO - Logged out to email account successfully.
2025-04-26 17:31:57,495 - INFO - Processing incoming emails...
2025-04-26 17:31:57,496 - INFO - Fetching unread emails...
2025-04-26 17:31:57,496 - INFO - Logging in to email account...
2025-04-26 17:32:00,239 - INFO - Logged in to email account successfully.
2025-04-26 17:32:01,476 - INFO - Status: OK
2025-04-26 17:32:01,799 - INFO - Logged out to email account successfully.
2025-04-26 17:32:02,799 - INFO - Processing incoming emails...
2025-04-26 17:32:02,800 - INFO - Fetching unread emails...
2025-04-26 17:32:02,800 - INFO - Logging in to email account...
2025-04-26 17:32:04,966 - INFO - Logged in to email account successfully.
2025-04-26 17:32:05,714 - INFO - Status: OK
2025-04-26 17:32:06,040 - INFO - Logged out to email account successfully.
2025-04-26 17:32:07,041 - INFO - Processing incoming emails...
2025-04-26 17:32:07,041 - INFO - Fetching unread emails...
2025-04-26 17:32:07,042 - INFO - Logging in to email account...
2025-04-26 17:32:08,634 - INFO - Logged in to email account successfully.
2025-04-26 17:32:09,349 - INFO - Status: OK
2025-04-26 17:32:09,679 - INFO - Logged out to email account successfully.
2025-04-26 17:32:10,680 - INFO - Processing incoming emails...
2025-04-26 17:32:10,680 - INFO - Fetching unread emails...
2025-04-26 17:32:10,681 - INFO - Logging in to email account...
2025-04-26 17:32:12,774 - INFO - Logged in to email account successfully.
2025-04-26 17:32:13,615 - INFO - Status: OK
2025-04-26 17:32:13,953 - INFO - Logged out to email account successfully.
2025-04-26 17:32:14,953 - INFO - Processing incoming emails...
2025-04-26 17:32:14,954 - INFO - Fetching unread emails...
2025-04-26 17:32:14,954 - INFO - Logging in to email account...
2025-04-26 17:32:17,027 - INFO - Logged in to email account successfully.
2025-04-26 17:32:17,849 - INFO - Status: OK
2025-04-26 17:32:18,188 - INFO - Logged out to email account successfully.
2025-04-26 17:32:19,189 - INFO - Processing incoming emails...
2025-04-26 17:32:19,189 - INFO - Fetching unread emails...
2025-04-26 17:32:19,190 - INFO - Logging in to email account...
2025-04-26 17:32:22,154 - INFO - Logged in to email account successfully.
2025-04-26 17:32:23,430 - INFO - Status: OK
2025-04-26 17:32:23,802 - INFO - Logged out to email account successfully.
2025-04-26 17:32:24,803 - INFO - Processing incoming emails...
2025-04-26 17:32:24,803 - INFO - Fetching unread emails...
2025-04-26 17:32:24,803 - INFO - Logging in to email account...
2025-04-26 17:32:27,424 - INFO - Logged in to email account successfully.
2025-04-26 17:32:28,431 - INFO - Status: OK
2025-04-26 17:32:28,806 - INFO - Logged out to email account successfully.
2025-04-26 17:32:29,807 - INFO - Processing incoming emails...
2025-04-26 17:32:29,807 - INFO - Fetching unread emails...
2025-04-26 17:32:29,808 - INFO - Logging in to email account...
2025-04-26 17:32:34,034 - INFO - Logged in to email account successfully.
2025-04-26 17:32:35,169 - INFO - Status: OK
2025-04-26 17:32:35,619 - INFO - Logged out to email account successfully.
2025-04-26 17:32:36,620 - INFO - Processing incoming emails...
2025-04-26 17:32:36,620 - INFO - Fetching unread emails...
2025-04-26 17:32:36,620 - INFO - Logging in to email account...
2025-04-26 17:32:38,637 - INFO - Logged in to email account successfully.
2025-04-26 17:32:39,765 - INFO - Status: OK
2025-04-26 17:32:40,122 - INFO - Logged out to email account successfully.
2025-04-26 17:32:41,123 - INFO - Processing incoming emails...
2025-04-26 17:32:41,123 - INFO - Fetching unread emails...
2025-04-26 17:32:41,123 - INFO - Logging in to email account...
2025-04-26 17:32:43,756 - INFO - Logged in to email account successfully.
2025-04-26 17:32:44,425 - INFO - Status: OK
2025-04-26 17:32:44,738 - INFO - Logged out to email account successfully.
2025-04-26 17:32:45,739 - INFO - Processing incoming emails...
2025-04-26 17:32:45,739 - INFO - Fetching unread emails...
2025-04-26 17:32:45,740 - INFO - Logging in to email account...
2025-04-26 17:32:47,340 - INFO - Logged in to email account successfully.
2025-04-26 17:32:47,997 - INFO - Status: OK
2025-04-26 17:32:48,313 - INFO - Logged out to email account successfully.
2025-04-26 17:32:49,314 - INFO - Processing incoming emails...
2025-04-26 17:32:49,314 - INFO - Fetching unread emails...
2025-04-26 17:32:49,314 - INFO - Logging in to email account...
2025-04-26 17:32:51,129 - INFO - Logged in to email account successfully.
2025-04-26 17:32:51,846 - INFO - Status: OK
2025-04-26 17:32:52,180 - INFO - Logged out to email account successfully.
2025-04-26 17:32:53,181 - INFO - Processing incoming emails...
2025-04-26 17:32:53,181 - INFO - Fetching unread emails...
2025-04-26 17:32:53,181 - INFO - Logging in to email account...
2025-04-26 17:32:55,125 - INFO - Logged in to email account successfully.
2025-04-26 17:32:55,941 - INFO - Status: OK
2025-04-26 17:32:56,367 - INFO - Logged out to email account successfully.
2025-04-26 17:32:57,368 - INFO - Processing incoming emails...
2025-04-26 17:32:57,368 - INFO - Fetching unread emails...
2025-04-26 17:32:57,368 - INFO - Logging in to email account...
2025-04-26 17:32:59,415 - INFO - Logged in to email account successfully.
2025-04-26 17:33:00,119 - INFO - Status: OK
2025-04-26 17:33:00,450 - INFO - Logged out to email account successfully.
2025-04-26 17:33:01,451 - INFO - Processing incoming emails...
2025-04-26 17:33:01,451 - INFO - Fetching unread emails...
2025-04-26 17:33:01,452 - INFO - Logging in to email account...
2025-04-26 17:33:03,592 - INFO - Logged in to email account successfully.
2025-04-26 17:33:04,263 - INFO - Status: OK
2025-04-26 17:33:04,582 - INFO - Logged out to email account successfully.
2025-04-26 17:33:05,582 - INFO - Processing incoming emails...
2025-04-26 17:33:05,583 - INFO - Fetching unread emails...
2025-04-26 17:33:05,583 - INFO - Logging in to email account...
2025-04-26 17:33:07,940 - INFO - Logged in to email account successfully.
2025-04-26 17:33:08,599 - INFO - Status: OK
2025-04-26 17:33:09,051 - INFO - Logged out to email account successfully.
2025-04-26 17:33:10,051 - INFO - Processing incoming emails...
2025-04-26 17:33:10,052 - INFO - Fetching unread emails...
2025-04-26 17:33:10,052 - INFO - Logging in to email account...
2025-04-26 17:33:12,737 - INFO - Logged in to email account successfully.
2025-04-26 17:33:13,557 - INFO - Status: OK
2025-04-26 17:33:13,907 - INFO - Logged out to email account successfully.
2025-04-26 17:33:14,908 - INFO - Processing incoming emails...
2025-04-26 17:33:14,908 - INFO - Fetching unread emails...
2025-04-26 17:33:14,909 - INFO - Logging in to email account...
2025-04-26 17:33:17,127 - INFO - Logged in to email account successfully.
2025-04-26 17:33:17,958 - INFO - Status: OK
2025-04-26 17:33:18,368 - INFO - Logged out to email account successfully.
2025-04-26 17:33:19,369 - INFO - Processing incoming emails...
2025-04-26 17:33:19,369 - INFO - Fetching unread emails...
2025-04-26 17:33:19,370 - INFO - Logging in to email account...
2025-04-26 17:33:21,938 - INFO - Logged in to email account successfully.
2025-04-26 17:33:22,612 - INFO - Status: OK
2025-04-26 17:33:22,941 - INFO - Logged out to email account successfully.
2025-04-26 17:33:23,942 - INFO - Processing incoming emails...
2025-04-26 17:33:23,942 - INFO - Fetching unread emails...
2025-04-26 17:33:23,943 - INFO - Logging in to email account...
2025-04-26 17:33:26,736 - INFO - Logged in to email account successfully.
2025-04-26 17:33:27,396 - INFO - Status: OK
2025-04-26 17:33:28,099 - INFO - Logged out to email account successfully.
2025-04-26 17:33:29,100 - INFO - Processing incoming emails...
2025-04-26 17:33:29,100 - INFO - Fetching unread emails...
2025-04-26 17:33:29,100 - INFO - Logging in to email account...
2025-04-26 17:33:31,475 - INFO - Logged in to email account successfully.
2025-04-26 17:33:32,347 - INFO - Status: OK
2025-04-26 17:33:32,675 - INFO - Logged out to email account successfully.
2025-04-26 17:33:33,676 - INFO - Processing incoming emails...
2025-04-26 17:33:33,676 - INFO - Fetching unread emails...
2025-04-26 17:33:33,676 - INFO - Logging in to email account...
2025-04-26 17:33:36,291 - INFO - Logged in to email account successfully.
2025-04-26 17:33:37,213 - INFO - Status: OK
2025-04-26 17:33:37,712 - INFO - Email is multipart
2025-04-26 17:33:38,337 - INFO - Logged out to email account successfully.
2025-04-26 17:33:38,338 - INFO - Authenticating email address: muhammad.faiz@dataropes.ai
2025-04-26 17:33:38,339 - INFO - Connected to database successfully.
2025-04-26 17:33:38,339 - INFO - Checking if email exists in database...
2025-04-26 17:33:38,340 - INFO - Closing database connection...
2025-04-26 17:33:38,341 - INFO - Sending email to muhammad.faiz@dataropes.ai
2025-04-26 17:33:38,341 - INFO - Connecting to SMTP server...
2025-04-26 17:33:39,157 - INFO - Logging in to Email account...
2025-04-26 17:33:39,913 - INFO - Sending email...
2025-04-26 17:33:43,161 - INFO - Processing incoming emails...
2025-04-26 17:33:43,161 - INFO - Fetching unread emails...
2025-04-26 17:33:43,215 - INFO - Logging in to email account...
2025-04-26 17:33:45,414 - INFO - Logged in to email account successfully.
2025-04-26 17:33:46,222 - INFO - Status: OK
2025-04-26 17:33:46,565 - INFO - Logged out to email account successfully.
2025-04-26 17:33:47,566 - INFO - Processing incoming emails...
2025-04-26 17:33:47,566 - INFO - Fetching unread emails...
2025-04-26 17:33:47,567 - INFO - Logging in to email account...
2025-04-26 17:33:50,368 - INFO - Logged in to email account successfully.
2025-04-26 17:33:51,035 - INFO - Status: OK
2025-04-26 17:33:51,650 - INFO - Logged out to email account successfully.
2025-04-26 17:33:52,651 - INFO - Processing incoming emails...
2025-04-26 17:33:52,651 - INFO - Fetching unread emails...
2025-04-26 17:33:52,652 - INFO - Logging in to email account...
2025-04-26 17:33:54,724 - INFO - Logged in to email account successfully.
2025-04-26 17:33:55,458 - INFO - Status: OK
2025-04-26 17:33:55,782 - INFO - Logged out to email account successfully.
2025-04-26 17:33:56,782 - INFO - Processing incoming emails...
2025-04-26 17:33:56,782 - INFO - Fetching unread emails...
2025-04-26 17:33:56,782 - INFO - Logging in to email account...
2025-04-26 17:33:58,410 - INFO - Logged in to email account successfully.
2025-04-26 17:33:59,082 - INFO - Status: OK
2025-04-26 17:33:59,419 - INFO - Logged out to email account successfully.
2025-04-26 17:34:00,419 - INFO - Processing incoming emails...
2025-04-26 17:34:00,420 - INFO - Fetching unread emails...
2025-04-26 17:34:00,420 - INFO - Logging in to email account...
2025-04-26 17:34:02,863 - INFO - Logged in to email account successfully.
2025-04-26 17:34:03,517 - INFO - Status: OK
2025-04-26 17:34:03,835 - INFO - Logged out to email account successfully.
2025-04-26 17:34:04,836 - INFO - Processing incoming emails...
2025-04-26 17:34:04,836 - INFO - Fetching unread emails...
2025-04-26 17:34:04,836 - INFO - Logging in to email account...
2025-04-26 17:34:07,625 - INFO - Logged in to email account successfully.
2025-04-26 17:34:08,648 - INFO - Status: OK
2025-04-26 17:34:09,272 - INFO - Logged out to email account successfully.
2025-04-26 17:34:10,273 - INFO - Processing incoming emails...
2025-04-26 17:34:10,273 - INFO - Fetching unread emails...
2025-04-26 17:34:10,274 - INFO - Logging in to email account...
2025-04-26 17:34:13,155 - INFO - Logged in to email account successfully.
2025-04-26 17:34:13,817 - INFO - Status: OK
2025-04-26 17:34:14,176 - INFO - Logged out to email account successfully.
2025-04-26 17:34:15,177 - INFO - Processing incoming emails...
2025-04-26 17:34:15,178 - INFO - Fetching unread emails...
2025-04-26 17:34:15,186 - INFO - Logging in to email account...
2025-04-26 17:34:17,862 - INFO - Logged in to email account successfully.
2025-04-26 17:34:18,886 - INFO - Status: OK
2025-04-26 17:34:19,234 - INFO - Logged out to email account successfully.
2025-04-26 17:34:20,235 - INFO - Processing incoming emails...
2025-04-26 17:34:20,236 - INFO - Fetching unread emails...
2025-04-26 17:34:20,244 - INFO - Logging in to email account...
2025-04-26 17:34:22,984 - INFO - Logged in to email account successfully.
2025-04-26 17:34:23,801 - INFO - Status: OK
2025-04-26 17:34:24,168 - INFO - Logged out to email account successfully.
2025-04-26 17:34:25,169 - INFO - Processing incoming emails...
2025-04-26 17:34:25,170 - INFO - Fetching unread emails...
2025-04-26 17:34:25,170 - INFO - Logging in to email account...
2025-04-26 17:34:27,488 - INFO - Logged in to email account successfully.
2025-04-26 17:34:28,158 - INFO - Status: OK
2025-04-26 17:34:28,719 - INFO - Logged out to email account successfully.
2025-04-26 17:34:29,720 - INFO - Processing incoming emails...
2025-04-26 17:34:29,720 - INFO - Fetching unread emails...
2025-04-26 17:34:29,720 - INFO - Logging in to email account...
2025-04-26 17:34:31,688 - INFO - Logged in to email account successfully.
2025-04-26 17:34:32,505 - INFO - Status: OK
2025-04-26 17:34:32,920 - INFO - Logged out to email account successfully.
2025-04-26 17:34:33,921 - INFO - Processing incoming emails...
2025-04-26 17:34:33,921 - INFO - Fetching unread emails...
2025-04-26 17:34:33,921 - INFO - Logging in to email account...
2025-04-26 17:34:36,583 - INFO - Logged in to email account successfully.
2025-04-26 17:34:37,456 - INFO - Status: OK
2025-04-26 17:34:38,139 - INFO - Logged out to email account successfully.
2025-04-26 17:34:39,140 - INFO - Processing incoming emails...
2025-04-26 17:34:39,140 - INFO - Fetching unread emails...
2025-04-26 17:34:39,141 - INFO - Logging in to email account...
2025-04-26 17:34:42,644 - INFO - Logged in to email account successfully.
2025-04-26 17:34:43,485 - INFO - Status: OK
2025-04-26 17:34:43,873 - INFO - Logged out to email account successfully.
2025-04-26 17:34:44,873 - INFO - Processing incoming emails...
2025-04-26 17:34:44,874 - INFO - Fetching unread emails...
2025-04-26 17:34:44,874 - INFO - Logging in to email account...
2025-04-26 17:34:47,335 - INFO - Logged in to email account successfully.
2025-04-26 17:34:48,277 - INFO - Status: OK
2025-04-26 17:34:48,627 - INFO - Logged out to email account successfully.
2025-04-26 17:34:49,628 - INFO - Processing incoming emails...
2025-04-26 17:34:49,629 - INFO - Fetching unread emails...
2025-04-26 17:34:49,629 - INFO - Logging in to email account...
2025-04-26 17:34:51,475 - INFO - Logged in to email account successfully.
2025-04-26 17:34:52,137 - INFO - Status: OK
2025-04-26 17:34:52,483 - INFO - Logged out to email account successfully.
2025-04-26 17:34:53,484 - INFO - Processing incoming emails...
2025-04-26 17:34:53,484 - INFO - Fetching unread emails...
2025-04-26 17:34:53,492 - INFO - Logging in to email account...
2025-04-26 17:34:55,649 - INFO - Logged in to email account successfully.
2025-04-26 17:34:56,318 - INFO - Status: OK
2025-04-26 17:34:56,675 - INFO - Logged out to email account successfully.
2025-04-26 17:34:57,676 - INFO - Processing incoming emails...
2025-04-26 17:34:57,676 - INFO - Fetching unread emails...
2025-04-26 17:34:57,676 - INFO - Logging in to email account...
2025-04-26 17:35:00,052 - INFO - Logged in to email account successfully.
2025-04-26 17:35:00,807 - INFO - Status: OK
2025-04-26 17:35:01,382 - INFO - Logged out to email account successfully.
2025-04-26 17:35:02,383 - INFO - Processing incoming emails...
2025-04-26 17:35:02,383 - INFO - Fetching unread emails...
2025-04-26 17:35:02,384 - INFO - Logging in to email account...
2025-04-26 17:35:05,309 - INFO - Logged in to email account successfully.
2025-04-26 17:35:06,370 - INFO - Status: OK
2025-04-26 17:35:06,813 - INFO - Logged out to email account successfully.
2025-04-26 17:35:07,814 - INFO - Processing incoming emails...
2025-04-26 17:35:07,815 - INFO - Fetching unread emails...
2025-04-26 17:35:07,815 - INFO - Logging in to email account...
2025-04-26 17:35:10,685 - INFO - Logged in to email account successfully.
2025-04-26 17:35:11,674 - INFO - Status: OK
2025-04-26 17:35:11,997 - INFO - Logged out to email account successfully.
2025-04-26 17:35:12,998 - INFO - Processing incoming emails...
2025-04-26 17:35:12,998 - INFO - Fetching unread emails...
2025-04-26 17:35:12,999 - INFO - Logging in to email account...
2025-04-26 17:35:15,004 - INFO - Logged in to email account successfully.
2025-04-26 17:35:15,824 - INFO - Status: OK
2025-04-26 17:35:16,161 - INFO - Logged out to email account successfully.
2025-04-26 17:35:17,162 - INFO - Processing incoming emails...
2025-04-26 17:35:17,162 - INFO - Fetching unread emails...
2025-04-26 17:35:17,163 - INFO - Logging in to email account...
2025-04-26 17:35:20,637 - INFO - Logged in to email account successfully.
2025-04-26 17:35:21,289 - INFO - Status: OK
2025-04-26 17:35:21,967 - INFO - Logged out to email account successfully.
2025-04-26 17:35:22,968 - INFO - Processing incoming emails...
2025-04-26 17:35:22,969 - INFO - Fetching unread emails...
2025-04-26 17:35:22,969 - INFO - Logging in to email account...
2025-04-26 17:35:25,039 - INFO - Logged in to email account successfully.
2025-04-26 17:35:25,854 - INFO - Status: OK
2025-04-26 17:35:26,473 - INFO - Logged out to email account successfully.
2025-04-26 17:35:27,475 - INFO - Processing incoming emails...
2025-04-26 17:35:27,475 - INFO - Fetching unread emails...
2025-04-26 17:35:27,475 - INFO - Logging in to email account...
2025-04-26 17:35:30,226 - INFO - Logged in to email account successfully.
2025-04-26 17:35:31,474 - INFO - Status: OK
2025-04-26 17:35:31,808 - INFO - Logged out to email account successfully.
2025-04-26 17:35:32,809 - INFO - Processing incoming emails...
2025-04-26 17:35:32,810 - INFO - Fetching unread emails...
2025-04-26 17:35:32,810 - INFO - Logging in to email account...
2025-04-26 17:35:35,111 - INFO - Logged in to email account successfully.
2025-04-26 17:35:36,099 - INFO - Status: OK
2025-04-26 17:35:36,465 - INFO - Logged out to email account successfully.
2025-04-26 17:35:37,466 - INFO - Processing incoming emails...
2025-04-26 17:35:37,466 - INFO - Fetching unread emails...
2025-04-26 17:35:37,474 - INFO - Logging in to email account...
2025-04-26 17:35:39,802 - INFO - Logged in to email account successfully.
2025-04-26 17:35:40,812 - INFO - Status: OK
2025-04-26 17:35:41,146 - INFO - Logged out to email account successfully.
2025-04-26 17:35:42,147 - INFO - Processing incoming emails...
2025-04-26 17:35:42,147 - INFO - Fetching unread emails...
2025-04-26 17:35:42,147 - INFO - Logging in to email account...
2025-04-26 17:35:44,601 - INFO - Logged in to email account successfully.
2025-04-26 17:35:45,624 - INFO - Status: OK
2025-04-26 17:35:45,957 - INFO - Logged out to email account successfully.
2025-04-26 17:35:46,958 - INFO - Processing incoming emails...
2025-04-26 17:35:46,959 - INFO - Fetching unread emails...
2025-04-26 17:35:46,959 - INFO - Logging in to email account...
2025-04-26 17:35:49,823 - INFO - Logged in to email account successfully.
2025-04-26 17:35:50,640 - INFO - Status: OK
2025-04-26 17:35:51,050 - INFO - Logged out to email account successfully.
2025-04-26 17:35:52,051 - INFO - Processing incoming emails...
2025-04-26 17:35:52,051 - INFO - Fetching unread emails...
2025-04-26 17:35:52,052 - INFO - Logging in to email account...
2025-04-26 17:35:53,918 - INFO - Logged in to email account successfully.
2025-04-26 17:35:54,565 - INFO - Status: OK
2025-04-26 17:35:54,885 - INFO - Logged out to email account successfully.
2025-04-26 17:35:55,886 - INFO - Processing incoming emails...
2025-04-26 17:35:55,886 - INFO - Fetching unread emails...
2025-04-26 17:35:55,887 - INFO - Logging in to email account...
2025-04-26 17:35:58,321 - INFO - Logged in to email account successfully.
2025-04-26 17:35:59,091 - INFO - Status: OK
2025-04-26 17:35:59,652 - INFO - Logged out to email account successfully.
2025-04-26 17:36:00,653 - INFO - Processing incoming emails...
2025-04-26 17:36:00,654 - INFO - Fetching unread emails...
2025-04-26 17:36:00,654 - INFO - Logging in to email account...
2025-04-26 17:36:02,519 - INFO - Logged in to email account successfully.
2025-04-26 17:36:03,188 - INFO - Status: OK
2025-04-26 17:36:03,544 - INFO - Logged out to email account successfully.
2025-04-26 17:36:04,545 - INFO - Processing incoming emails...
2025-04-26 17:36:04,545 - INFO - Fetching unread emails...
2025-04-26 17:36:04,545 - INFO - Logging in to email account...
2025-04-26 17:36:07,130 - INFO - Logged in to email account successfully.
2025-04-26 17:36:07,947 - INFO - Status: OK
2025-04-26 17:36:08,272 - INFO - Logged out to email account successfully.
2025-04-26 17:36:09,273 - INFO - Processing incoming emails...
2025-04-26 17:36:09,273 - INFO - Fetching unread emails...
2025-04-26 17:36:09,273 - INFO - Logging in to email account...
2025-04-26 17:36:11,636 - INFO - Logged in to email account successfully.
2025-04-26 17:36:12,455 - INFO - Status: OK
2025-04-26 17:36:12,790 - INFO - Logged out to email account successfully.
2025-04-26 17:36:13,791 - INFO - Processing incoming emails...
2025-04-26 17:36:13,792 - INFO - Fetching unread emails...
2025-04-26 17:36:13,792 - INFO - Logging in to email account...
2025-04-26 17:36:16,603 - INFO - Logged in to email account successfully.
2025-04-26 17:36:17,261 - INFO - Status: OK
2025-04-26 17:36:17,676 - INFO - Logged out to email account successfully.
2025-04-26 17:36:18,676 - INFO - Processing incoming emails...
2025-04-26 17:36:18,677 - INFO - Fetching unread emails...
2025-04-26 17:36:18,730 - INFO - Logging in to email account...
2025-04-26 17:36:21,182 - INFO - Logged in to email account successfully.
2025-04-26 17:36:22,185 - INFO - Status: OK
2025-04-26 17:36:22,631 - INFO - Logged out to email account successfully.
2025-04-26 17:36:23,632 - INFO - Processing incoming emails...
2025-04-26 17:36:23,632 - INFO - Fetching unread emails...
2025-04-26 17:36:23,632 - INFO - Logging in to email account...
2025-04-26 17:36:25,795 - INFO - Logged in to email account successfully.
2025-04-26 17:36:26,587 - INFO - Status: OK
2025-04-26 17:36:26,930 - INFO - Logged out to email account successfully.
2025-04-26 17:36:27,931 - INFO - Processing incoming emails...
2025-04-26 17:36:27,932 - INFO - Fetching unread emails...
2025-04-26 17:36:27,932 - INFO - Logging in to email account...
2025-04-26 17:36:29,725 - INFO - Logged in to email account successfully.
2025-04-26 17:36:30,428 - INFO - Status: OK
2025-04-26 17:36:30,750 - INFO - Logged out to email account successfully.
2025-04-26 17:36:31,750 - INFO - Processing incoming emails...
2025-04-26 17:36:31,751 - INFO - Fetching unread emails...
2025-04-26 17:36:31,751 - INFO - Logging in to email account...
2025-04-26 17:36:34,061 - INFO - Logged in to email account successfully.
2025-04-26 17:36:35,289 - INFO - Status: OK
2025-04-26 17:36:35,906 - INFO - Logged out to email account successfully.
2025-04-26 17:36:36,907 - INFO - Processing incoming emails...
2025-04-26 17:36:36,907 - INFO - Fetching unread emails...
2025-04-26 17:36:36,908 - INFO - Logging in to email account...
2025-04-26 17:36:38,976 - INFO - Logged in to email account successfully.
2025-04-26 17:36:39,795 - INFO - Status: OK
2025-04-26 17:36:40,205 - INFO - Logged out to email account successfully.
2025-04-26 17:36:41,206 - INFO - Processing incoming emails...
2025-04-26 17:36:41,206 - INFO - Fetching unread emails...
2025-04-26 17:36:41,207 - INFO - Logging in to email account...
2025-04-26 17:36:43,894 - INFO - Logged in to email account successfully.
2025-04-26 17:36:44,627 - INFO - Status: OK
2025-04-26 17:36:45,085 - INFO - Logged out to email account successfully.
2025-04-26 17:36:46,086 - INFO - Processing incoming emails...
2025-04-26 17:36:46,087 - INFO - Fetching unread emails...
2025-04-26 17:36:46,087 - INFO - Logging in to email account...
2025-04-26 17:36:49,514 - INFO - Logged in to email account successfully.
2025-04-26 17:36:50,883 - INFO - Status: OK
2025-04-26 17:36:52,173 - INFO - Logged out to email account successfully.
2025-04-26 17:36:53,173 - INFO - Processing incoming emails...
2025-04-26 17:36:53,174 - INFO - Fetching unread emails...
2025-04-26 17:36:53,174 - INFO - Logging in to email account...
2025-04-26 17:36:55,772 - INFO - Logged in to email account successfully.
2025-04-26 17:36:57,615 - INFO - Status: OK
2025-04-26 17:36:57,976 - INFO - Logged out to email account successfully.
2025-04-26 17:36:58,977 - INFO - Processing incoming emails...
2025-04-26 17:36:58,977 - INFO - Fetching unread emails...
2025-04-26 17:36:58,978 - INFO - Logging in to email account...
2025-04-26 17:37:01,814 - INFO - Logged in to email account successfully.
2025-04-26 17:37:02,529 - INFO - Status: OK
2025-04-26 17:37:02,964 - INFO - Logged out to email account successfully.
2025-04-26 17:37:03,965 - INFO - Processing incoming emails...
2025-04-26 17:37:03,966 - INFO - Fetching unread emails...
2025-04-26 17:37:03,966 - INFO - Logging in to email account...
2025-04-26 17:37:06,216 - INFO - Logged in to email account successfully.
2025-04-26 17:37:06,922 - INFO - Status: OK
2025-04-26 17:37:07,265 - INFO - Logged out to email account successfully.
2025-04-26 17:37:08,266 - INFO - Processing incoming emails...
2025-04-26 17:37:08,267 - INFO - Fetching unread emails...
2025-04-26 17:37:08,267 - INFO - Logging in to email account...
2025-04-26 17:37:11,132 - INFO - Logged in to email account successfully.
2025-04-26 17:37:11,952 - INFO - Status: OK
2025-04-26 17:37:12,669 - INFO - Logged out to email account successfully.
2025-04-26 17:37:13,670 - INFO - Processing incoming emails...
2025-04-26 17:37:13,671 - INFO - Fetching unread emails...
2025-04-26 17:37:13,671 - INFO - Logging in to email account...
2025-04-26 17:37:15,639 - INFO - Logged in to email account successfully.
2025-04-26 17:37:16,867 - INFO - Status: OK
2025-04-26 17:37:17,350 - INFO - Logged out to email account successfully.
2025-04-26 17:37:18,351 - INFO - Processing incoming emails...
2025-04-26 17:37:18,351 - INFO - Fetching unread emails...
2025-04-26 17:37:18,352 - INFO - Logging in to email account...
2025-04-26 17:37:20,337 - INFO - Logged in to email account successfully.
2025-04-26 17:37:21,306 - INFO - Status: OK
2025-04-26 17:37:21,650 - INFO - Logged out to email account successfully.
2025-04-26 17:37:22,651 - INFO - Processing incoming emails...
2025-04-26 17:37:22,652 - INFO - Fetching unread emails...
2025-04-26 17:37:22,652 - INFO - Logging in to email account...
2025-04-26 17:37:25,851 - INFO - Logged in to email account successfully.
2025-04-26 17:37:27,109 - INFO - Status: OK
2025-04-26 17:37:27,722 - INFO - Logged out to email account successfully.
2025-04-26 17:37:28,723 - INFO - Processing incoming emails...
2025-04-26 17:37:28,724 - INFO - Fetching unread emails...
2025-04-26 17:37:28,724 - INFO - Logging in to email account...
2025-04-26 17:37:32,227 - INFO - Logged in to email account successfully.
2025-04-26 17:37:33,457 - INFO - Status: OK
2025-04-26 17:37:34,070 - INFO - Logged out to email account successfully.
2025-04-26 17:37:35,070 - INFO - Processing incoming emails...
2025-04-26 17:37:35,071 - INFO - Fetching unread emails...
2025-04-26 17:37:35,071 - INFO - Logging in to email account...
2025-04-26 17:37:37,817 - INFO - Logged in to email account successfully.
2025-04-26 17:37:38,472 - INFO - Status: OK
2025-04-26 17:37:38,817 - INFO - Logged out to email account successfully.
2025-04-26 17:37:39,818 - INFO - Processing incoming emails...
2025-04-26 17:37:39,818 - INFO - Fetching unread emails...
2025-04-26 17:37:39,819 - INFO - Logging in to email account...
2025-04-26 17:37:41,442 - INFO - Logged in to email account successfully.
2025-04-26 17:37:42,155 - INFO - Status: OK
2025-04-26 17:37:42,570 - INFO - Logged out to email account successfully.
2025-04-26 17:37:43,571 - INFO - Processing incoming emails...
2025-04-26 17:37:43,571 - INFO - Fetching unread emails...
2025-04-26 17:37:43,571 - INFO - Logging in to email account...
2025-04-26 17:37:45,641 - INFO - Logged in to email account successfully.
2025-04-26 17:37:46,461 - INFO - Status: OK
2025-04-26 17:37:46,873 - INFO - Logged out to email account successfully.
2025-04-26 17:37:47,874 - INFO - Processing incoming emails...
2025-04-26 17:37:47,875 - INFO - Fetching unread emails...
2025-04-26 17:37:47,875 - INFO - Logging in to email account...
2025-04-26 17:37:49,840 - INFO - Logged in to email account successfully.
2025-04-26 17:37:50,631 - INFO - Status: OK
2025-04-26 17:37:51,479 - INFO - Logged out to email account successfully.
2025-04-26 17:37:52,480 - INFO - Processing incoming emails...
2025-04-26 17:37:52,480 - INFO - Fetching unread emails...
2025-04-26 17:37:52,480 - INFO - Logging in to email account...
2025-04-26 17:37:55,167 - INFO - Logged in to email account successfully.
2025-04-26 17:37:55,925 - INFO - Status: OK
2025-04-26 17:37:56,368 - INFO - Logged out to email account successfully.
2025-04-26 17:37:57,369 - INFO - Processing incoming emails...
2025-04-26 17:37:57,370 - INFO - Fetching unread emails...
2025-04-26 17:37:57,370 - INFO - Logging in to email account...
2025-04-26 17:37:59,159 - INFO - Logged in to email account successfully.
2025-04-26 17:37:59,953 - INFO - Status: OK
2025-04-26 17:38:00,304 - INFO - Logged out to email account successfully.
2025-04-26 17:38:01,305 - INFO - Processing incoming emails...
2025-04-26 17:38:01,306 - INFO - Fetching unread emails...
2025-04-26 17:38:01,306 - INFO - Logging in to email account...
2025-04-26 17:38:04,131 - INFO - Logged in to email account successfully.
2025-04-26 17:38:05,407 - INFO - Status: OK
2025-04-26 17:38:05,750 - INFO - Logged out to email account successfully.
2025-04-26 17:38:06,752 - INFO - Processing incoming emails...
2025-04-26 17:38:06,752 - INFO - Fetching unread emails...
2025-04-26 17:38:06,753 - INFO - Logging in to email account...
2025-04-26 17:38:09,302 - INFO - Logged in to email account successfully.
2025-04-26 17:38:10,225 - INFO - Status: OK
2025-04-26 17:38:10,553 - INFO - Logged out to email account successfully.
2025-04-26 17:38:11,554 - INFO - Processing incoming emails...
2025-04-26 17:38:11,554 - INFO - Fetching unread emails...
2025-04-26 17:38:11,554 - INFO - Logging in to email account...
2025-04-26 17:38:14,421 - INFO - Logged in to email account successfully.
2025-04-26 17:38:15,409 - INFO - Status: OK
2025-04-26 17:38:15,955 - INFO - Logged out to email account successfully.
2025-04-26 17:38:16,955 - INFO - Processing incoming emails...
2025-04-26 17:38:16,956 - INFO - Fetching unread emails...
2025-04-26 17:38:16,956 - INFO - Logging in to email account...
2025-04-26 17:38:19,952 - INFO - Logged in to email account successfully.
2025-04-26 17:38:21,175 - INFO - Status: OK
2025-04-26 17:38:21,795 - INFO - Logged out to email account successfully.
2025-04-26 17:38:22,795 - INFO - Processing incoming emails...
2025-04-26 17:38:22,796 - INFO - Fetching unread emails...
2025-04-26 17:38:22,796 - INFO - Logging in to email account...
2025-04-26 17:38:24,950 - INFO - Logged in to email account successfully.
2025-04-26 17:38:25,888 - INFO - Status: OK
2025-04-26 17:38:26,214 - INFO - Logged out to email account successfully.
2025-04-26 17:38:27,215 - INFO - Processing incoming emails...
2025-04-26 17:38:27,215 - INFO - Fetching unread emails...
2025-04-26 17:38:27,215 - INFO - Logging in to email account...
2025-04-26 17:38:29,353 - INFO - Logged in to email account successfully.
2025-04-26 17:38:30,122 - INFO - Status: OK
2025-04-26 17:38:30,455 - INFO - Logged out to email account successfully.
2025-04-26 17:38:31,456 - INFO - Processing incoming emails...
2025-04-26 17:38:31,456 - INFO - Fetching unread emails...
2025-04-26 17:38:31,456 - INFO - Logging in to email account...
2025-04-26 17:38:34,284 - INFO - Logged in to email account successfully.
2025-04-26 17:38:35,307 - INFO - Status: OK
2025-04-26 17:38:35,925 - INFO - Logged out to email account successfully.
2025-04-26 17:38:36,926 - INFO - Processing incoming emails...
2025-04-26 17:38:36,926 - INFO - Fetching unread emails...
2025-04-26 17:38:36,926 - INFO - Logging in to email account...
2025-04-26 17:38:39,609 - INFO - Logged in to email account successfully.
2025-04-26 17:38:40,635 - INFO - Status: OK
2025-04-26 17:38:41,253 - INFO - Logged out to email account successfully.
2025-04-26 17:38:42,254 - INFO - Processing incoming emails...
2025-04-26 17:38:42,255 - INFO - Fetching unread emails...
2025-04-26 17:38:42,255 - INFO - Logging in to email account...
2025-04-26 17:38:44,628 - INFO - Logged in to email account successfully.
2025-04-26 17:38:45,755 - INFO - Status: OK
2025-04-26 17:38:46,168 - INFO - Logged out to email account successfully.
2025-04-26 17:38:47,169 - INFO - Processing incoming emails...
2025-04-26 17:38:47,169 - INFO - Fetching unread emails...
2025-04-26 17:38:47,170 - INFO - Logging in to email account...
2025-04-26 17:38:49,850 - INFO - Logged in to email account successfully.
2025-04-26 17:38:50,976 - INFO - Status: OK
2025-04-26 17:38:51,489 - INFO - Logged out to email account successfully.
2025-04-26 17:38:52,490 - INFO - Processing incoming emails...
2025-04-26 17:38:52,491 - INFO - Fetching unread emails...
2025-04-26 17:38:52,491 - INFO - Logging in to email account...
2025-04-26 17:38:55,034 - INFO - Logged in to email account successfully.
2025-04-26 17:38:55,891 - INFO - Status: OK
2025-04-26 17:38:56,303 - INFO - Logged out to email account successfully.
2025-04-26 17:38:57,304 - INFO - Processing incoming emails...
2025-04-26 17:38:57,304 - INFO - Fetching unread emails...
2025-04-26 17:38:57,305 - INFO - Logging in to email account...
2025-04-26 17:39:00,092 - INFO - Logged in to email account successfully.
2025-04-26 17:39:00,911 - INFO - Status: OK
2025-04-26 17:39:01,529 - INFO - Logged out to email account successfully.
2025-04-26 17:39:02,530 - INFO - Processing incoming emails...
2025-04-26 17:39:02,531 - INFO - Fetching unread emails...
2025-04-26 17:39:02,531 - INFO - Logging in to email account...
2025-04-26 17:39:05,281 - INFO - Logged in to email account successfully.
2025-04-26 17:39:05,952 - INFO - Status: OK
2025-04-26 17:39:06,277 - INFO - Logged out to email account successfully.
2025-04-26 17:39:07,278 - INFO - Processing incoming emails...
2025-04-26 17:39:07,278 - INFO - Fetching unread emails...
2025-04-26 17:39:07,286 - INFO - Logging in to email account...
2025-04-26 17:39:09,482 - INFO - Logged in to email account successfully.
2025-04-26 17:39:10,279 - INFO - Status: OK
2025-04-26 17:39:10,594 - INFO - Logged out to email account successfully.
2025-04-26 17:39:11,594 - INFO - Processing incoming emails...
2025-04-26 17:39:11,595 - INFO - Fetching unread emails...
2025-04-26 17:39:11,595 - INFO - Logging in to email account...
2025-04-26 17:39:14,586 - INFO - Logged in to email account successfully.
2025-04-26 17:39:15,247 - INFO - Status: OK
2025-04-26 17:39:15,659 - INFO - Logged out to email account successfully.
2025-04-26 17:39:16,661 - INFO - Processing incoming emails...
2025-04-26 17:39:16,661 - INFO - Fetching unread emails...
2025-04-26 17:39:16,661 - INFO - Logging in to email account...
2025-04-26 17:39:18,945 - INFO - Logged in to email account successfully.
2025-04-26 17:39:19,956 - INFO - Status: OK
2025-04-26 17:39:20,280 - INFO - Logged out to email account successfully.
2025-04-26 17:39:21,281 - INFO - Processing incoming emails...
2025-04-26 17:39:21,282 - INFO - Fetching unread emails...
2025-04-26 17:39:21,282 - INFO - Logging in to email account...
2025-04-26 17:39:23,850 - INFO - Logged in to email account successfully.
2025-04-26 17:39:24,564 - INFO - Status: OK
2025-04-26 17:39:25,076 - INFO - Logged out to email account successfully.
2025-04-26 17:39:26,077 - INFO - Processing incoming emails...
2025-04-26 17:39:26,077 - INFO - Fetching unread emails...
2025-04-26 17:39:26,078 - INFO - Logging in to email account...
2025-04-26 17:39:28,353 - INFO - Logged in to email account successfully.
2025-04-26 17:39:29,383 - INFO - Status: OK
2025-04-26 17:39:30,095 - INFO - Logged out to email account successfully.
2025-04-26 17:39:31,096 - INFO - Processing incoming emails...
2025-04-26 17:39:31,097 - INFO - Fetching unread emails...
2025-04-26 17:39:31,097 - INFO - Logging in to email account...
2025-04-26 17:39:33,473 - INFO - Logged in to email account successfully.
2025-04-26 17:39:34,394 - INFO - Status: OK
2025-04-26 17:39:34,736 - INFO - Logged out to email account successfully.
2025-04-26 17:39:35,737 - INFO - Processing incoming emails...
2025-04-26 17:39:35,737 - INFO - Fetching unread emails...
2025-04-26 17:39:35,737 - INFO - Logging in to email account...
2025-04-26 17:39:38,597 - INFO - Logged in to email account successfully.
2025-04-26 17:39:39,571 - INFO - Status: OK
2025-04-26 17:39:39,929 - INFO - Logged out to email account successfully.
2025-04-26 17:39:40,929 - INFO - Processing incoming emails...
2025-04-26 17:39:40,930 - INFO - Fetching unread emails...
2025-04-26 17:39:40,930 - INFO - Logging in to email account...
2025-04-26 17:39:43,056 - INFO - Logged in to email account successfully.
2025-04-26 17:39:43,919 - INFO - Status: OK
2025-04-26 17:39:44,636 - INFO - Logged out to email account successfully.
2025-04-26 17:39:45,637 - INFO - Processing incoming emails...
2025-04-26 17:39:45,637 - INFO - Fetching unread emails...
2025-04-26 17:39:45,638 - INFO - Logging in to email account...
2025-04-26 17:39:48,426 - INFO - Logged in to email account successfully.
2025-04-26 17:39:49,756 - INFO - Status: OK
2025-04-26 17:39:50,475 - INFO - Logged out to email account successfully.
2025-04-26 17:39:51,475 - INFO - Processing incoming emails...
2025-04-26 17:39:51,476 - INFO - Fetching unread emails...
2025-04-26 17:39:51,476 - INFO - Logging in to email account...
2025-04-26 17:39:53,853 - INFO - Logged in to email account successfully.
2025-04-26 17:39:54,607 - INFO - Status: OK
2025-04-26 17:39:54,930 - INFO - Logged out to email account successfully.
2025-04-26 17:39:55,931 - INFO - Processing incoming emails...
2025-04-26 17:39:55,931 - INFO - Fetching unread emails...
2025-04-26 17:39:55,931 - INFO - Logging in to email account...
2025-04-26 17:39:57,744 - INFO - Logged in to email account successfully.
2025-04-26 17:39:58,402 - INFO - Status: OK
2025-04-26 17:39:58,973 - INFO - Logged out to email account successfully.
2025-04-26 17:39:59,974 - INFO - Processing incoming emails...
2025-04-26 17:39:59,974 - INFO - Fetching unread emails...
2025-04-26 17:39:59,975 - INFO - Logging in to email account...
2025-04-26 17:40:02,557 - INFO - Logged in to email account successfully.
2025-04-26 17:40:03,241 - INFO - Status: OK
2025-04-26 17:40:03,569 - INFO - Logged out to email account successfully.
2025-04-26 17:40:04,570 - INFO - Processing incoming emails...
2025-04-26 17:40:04,571 - INFO - Fetching unread emails...
2025-04-26 17:40:04,571 - INFO - Logging in to email account...
2025-04-26 17:40:07,071 - INFO - Logged in to email account successfully.
2025-04-26 17:40:08,011 - INFO - Status: OK
2025-04-26 17:40:08,343 - INFO - Logged out to email account successfully.
2025-04-26 17:40:09,344 - INFO - Processing incoming emails...
2025-04-26 17:40:09,344 - INFO - Fetching unread emails...
2025-04-26 17:40:09,345 - INFO - Logging in to email account...
2025-04-26 17:40:12,194 - INFO - Logged in to email account successfully.
2025-04-26 17:40:12,849 - INFO - Status: OK
2025-04-26 17:40:13,177 - INFO - Logged out to email account successfully.
2025-04-26 17:40:14,178 - INFO - Processing incoming emails...
2025-04-26 17:40:14,178 - INFO - Fetching unread emails...
2025-04-26 17:40:14,178 - INFO - Logging in to email account...
2025-04-26 17:40:16,175 - INFO - Logged in to email account successfully.
2025-04-26 17:40:16,926 - INFO - Status: OK
2025-04-26 17:40:17,304 - INFO - Logged out to email account successfully.
2025-04-26 17:40:18,305 - INFO - Processing incoming emails...
2025-04-26 17:40:18,306 - INFO - Fetching unread emails...
2025-04-26 17:40:18,306 - INFO - Logging in to email account...
2025-04-26 17:40:21,428 - INFO - Logged in to email account successfully.
2025-04-26 17:40:22,423 - INFO - Status: OK
2025-04-26 17:40:22,752 - INFO - Logged out to email account successfully.
2025-04-26 17:40:23,753 - INFO - Processing incoming emails...
2025-04-26 17:40:23,753 - INFO - Fetching unread emails...
2025-04-26 17:40:23,753 - INFO - Logging in to email account...
2025-04-26 17:40:26,845 - INFO - Logged in to email account successfully.
2025-04-26 17:40:27,954 - INFO - Status: OK
2025-04-26 17:40:28,573 - INFO - Logged out to email account successfully.
2025-04-26 17:40:29,574 - INFO - Processing incoming emails...
2025-04-26 17:40:29,574 - INFO - Fetching unread emails...
2025-04-26 17:40:29,574 - INFO - Logging in to email account...
2025-04-26 17:40:32,665 - INFO - Logged in to email account successfully.
2025-04-26 17:40:33,310 - INFO - Status: OK
2025-04-26 17:40:33,628 - INFO - Logged out to email account successfully.
2025-04-26 17:40:34,630 - INFO - Processing incoming emails...
2025-04-26 17:40:34,630 - INFO - Fetching unread emails...
2025-04-26 17:40:34,630 - INFO - Logging in to email account...
2025-04-26 17:40:37,173 - INFO - Logged in to email account successfully.
2025-04-26 17:40:38,123 - INFO - Status: OK
2025-04-26 17:40:38,454 - INFO - Logged out to email account successfully.
2025-04-26 17:40:39,454 - INFO - Processing incoming emails...
2025-04-26 17:40:39,455 - INFO - Fetching unread emails...
2025-04-26 17:40:39,455 - INFO - Logging in to email account...
2025-04-26 17:40:42,292 - INFO - Logged in to email account successfully.
2025-04-26 17:40:43,049 - INFO - Status: OK
2025-04-26 17:40:43,379 - INFO - Logged out to email account successfully.
2025-04-26 17:40:44,379 - INFO - Processing incoming emails...
2025-04-26 17:40:44,380 - INFO - Fetching unread emails...
2025-04-26 17:40:44,380 - INFO - Logging in to email account...
2025-04-26 17:40:46,999 - INFO - Logged in to email account successfully.
2025-04-26 17:40:47,821 - INFO - Status: OK
2025-04-26 17:40:48,438 - INFO - Logged out to email account successfully.
2025-04-26 17:40:49,439 - INFO - Processing incoming emails...
2025-04-26 17:40:49,439 - INFO - Fetching unread emails...
2025-04-26 17:40:49,440 - INFO - Logging in to email account...
2025-04-26 17:40:52,332 - INFO - Logged in to email account successfully.
2025-04-26 17:40:53,450 - INFO - Status: OK
2025-04-26 17:40:53,786 - INFO - Logged out to email account successfully.
2025-04-26 17:40:54,787 - INFO - Processing incoming emails...
2025-04-26 17:40:54,787 - INFO - Fetching unread emails...
2025-04-26 17:40:54,788 - INFO - Logging in to email account...
2025-04-26 17:40:56,629 - INFO - Logged in to email account successfully.
2025-04-26 17:40:57,280 - INFO - Status: OK
2025-04-26 17:40:57,602 - INFO - Logged out to email account successfully.
2025-04-26 17:40:58,602 - INFO - Processing incoming emails...
2025-04-26 17:40:58,603 - INFO - Fetching unread emails...
2025-04-26 17:40:58,603 - INFO - Logging in to email account...
2025-04-26 17:41:01,547 - INFO - Logged in to email account successfully.
2025-04-26 17:41:02,874 - INFO - Status: OK
2025-04-26 17:41:03,388 - INFO - Logged out to email account successfully.
2025-04-26 17:41:04,388 - INFO - Processing incoming emails...
2025-04-26 17:41:04,389 - INFO - Fetching unread emails...
2025-04-26 17:41:04,389 - INFO - Logging in to email account...
2025-04-26 17:41:07,277 - INFO - Logged in to email account successfully.
2025-04-26 17:41:08,891 - INFO - Status: OK
2025-04-26 17:41:09,255 - INFO - Logged out to email account successfully.
2025-04-26 17:41:10,256 - INFO - Processing incoming emails...
2025-04-26 17:41:10,257 - INFO - Fetching unread emails...
2025-04-26 17:41:10,257 - INFO - Logging in to email account...
2025-04-26 17:41:13,216 - INFO - Logged in to email account successfully.
2025-04-26 17:41:14,238 - INFO - Status: OK
2025-04-26 17:41:14,597 - INFO - Logged out to email account successfully.
2025-04-26 17:41:15,598 - INFO - Processing incoming emails...
2025-04-26 17:41:15,598 - INFO - Fetching unread emails...
2025-04-26 17:41:15,599 - INFO - Logging in to email account...
2025-04-26 17:41:18,746 - INFO - Logged in to email account successfully.
2025-04-26 17:41:19,577 - INFO - Status: OK
2025-04-26 17:41:19,973 - INFO - Logged out to email account successfully.
2025-04-26 17:41:20,974 - INFO - Processing incoming emails...
2025-04-26 17:41:20,974 - INFO - Fetching unread emails...
2025-04-26 17:41:20,975 - INFO - Logging in to email account...
2025-04-26 17:41:23,866 - INFO - Logged in to email account successfully.
2025-04-26 17:41:24,540 - INFO - Status: OK
2025-04-26 17:41:25,098 - INFO - Logged out to email account successfully.
2025-04-26 17:41:26,098 - INFO - Processing incoming emails...
2025-04-26 17:41:26,099 - INFO - Fetching unread emails...
2025-04-26 17:41:26,099 - INFO - Logging in to email account...
2025-04-26 17:41:27,656 - INFO - Logged in to email account successfully.
2025-04-26 17:41:28,579 - INFO - Status: OK
2025-04-26 17:41:29,397 - INFO - Logged out to email account successfully.
2025-04-26 17:41:30,398 - INFO - Processing incoming emails...
2025-04-26 17:41:30,399 - INFO - Fetching unread emails...
2025-04-26 17:41:30,399 - INFO - Logging in to email account...
2025-04-26 17:41:32,841 - INFO - Logged in to email account successfully.
2025-04-26 17:41:33,595 - INFO - Status: OK
2025-04-26 17:41:34,110 - INFO - Logged out to email account successfully.
2025-04-26 17:41:35,111 - INFO - Processing incoming emails...
2025-04-26 17:41:35,111 - INFO - Fetching unread emails...
2025-04-26 17:41:35,111 - INFO - Logging in to email account...
2025-04-26 17:41:38,613 - INFO - Logged in to email account successfully.
2025-04-26 17:41:39,844 - INFO - Status: OK
2025-04-26 17:41:40,200 - INFO - Logged out to email account successfully.
2025-04-26 17:41:41,201 - INFO - Processing incoming emails...
2025-04-26 17:41:41,201 - INFO - Fetching unread emails...
2025-04-26 17:41:41,202 - INFO - Logging in to email account...
2025-04-26 17:41:44,247 - INFO - Logged in to email account successfully.
2025-04-26 17:41:45,300 - INFO - Status: OK
2025-04-26 17:41:45,692 - INFO - Logged out to email account successfully.
2025-04-26 17:41:46,693 - INFO - Processing incoming emails...
2025-04-26 17:41:46,693 - INFO - Fetching unread emails...
2025-04-26 17:41:46,693 - INFO - Logging in to email account...
2025-04-26 17:41:48,750 - INFO - Logged in to email account successfully.
2025-04-26 17:41:49,775 - INFO - Status: OK
2025-04-26 17:41:50,093 - INFO - Logged out to email account successfully.
2025-04-26 17:41:51,094 - INFO - Processing incoming emails...
2025-04-26 17:41:51,094 - INFO - Fetching unread emails...
2025-04-26 17:41:51,094 - INFO - Logging in to email account...
2025-04-26 17:41:53,566 - INFO - Logged in to email account successfully.
2025-04-26 17:41:54,308 - INFO - Status: OK
2025-04-26 17:41:54,637 - INFO - Logged out to email account successfully.
2025-04-26 17:41:55,637 - INFO - Processing incoming emails...
2025-04-26 17:41:55,638 - INFO - Fetching unread emails...
2025-04-26 17:41:55,638 - INFO - Logging in to email account...
2025-04-26 17:41:58,005 - INFO - Logged in to email account successfully.
2025-04-26 17:41:58,687 - INFO - Status: OK
2025-04-26 17:41:59,300 - INFO - Logged out to email account successfully.
2025-04-26 17:42:00,301 - INFO - Processing incoming emails...
2025-04-26 17:42:00,301 - INFO - Fetching unread emails...
2025-04-26 17:42:00,302 - INFO - Logging in to email account...
2025-04-26 17:42:02,132 - INFO - Logged in to email account successfully.
2025-04-26 17:42:02,818 - INFO - Status: OK
2025-04-26 17:42:03,148 - INFO - Logged out to email account successfully.
2025-04-26 17:42:04,149 - INFO - Processing incoming emails...
2025-04-26 17:42:04,149 - INFO - Fetching unread emails...
2025-04-26 17:42:04,149 - INFO - Logging in to email account...
2025-04-26 17:42:06,380 - INFO - Logged in to email account successfully.
2025-04-26 17:42:07,083 - INFO - Status: OK
2025-04-26 17:42:07,422 - INFO - Logged out to email account successfully.
2025-04-26 17:42:08,422 - INFO - Processing incoming emails...
2025-04-26 17:42:08,423 - INFO - Fetching unread emails...
2025-04-26 17:42:08,423 - INFO - Logging in to email account...
2025-04-26 17:42:10,873 - INFO - Logged in to email account successfully.
2025-04-26 17:42:11,781 - INFO - Status: OK
2025-04-26 17:42:12,109 - INFO - Logged out to email account successfully.
2025-04-26 17:42:13,109 - INFO - Processing incoming emails...
2025-04-26 17:42:13,110 - INFO - Fetching unread emails...
2025-04-26 17:42:13,110 - INFO - Logging in to email account...
2025-04-26 17:42:15,480 - INFO - Logged in to email account successfully.
2025-04-26 17:42:16,337 - INFO - Status: OK
2025-04-26 17:42:16,671 - INFO - Logged out to email account successfully.
2025-04-26 17:42:17,672 - INFO - Processing incoming emails...
2025-04-26 17:42:17,673 - INFO - Fetching unread emails...
2025-04-26 17:42:17,673 - INFO - Logging in to email account...
2025-04-26 17:42:20,598 - INFO - Logged in to email account successfully.
2025-04-26 17:42:21,829 - INFO - Status: OK
2025-04-26 17:42:22,339 - INFO - Logged out to email account successfully.
2025-04-26 17:42:23,340 - INFO - Processing incoming emails...
2025-04-26 17:42:23,340 - INFO - Fetching unread emails...
2025-04-26 17:42:23,340 - INFO - Logging in to email account...
2025-04-26 17:42:25,461 - INFO - Logged in to email account successfully.
2025-04-26 17:42:26,282 - INFO - Status: OK
2025-04-26 17:42:26,631 - INFO - Logged out to email account successfully.
2025-04-26 17:42:27,632 - INFO - Processing incoming emails...
2025-04-26 17:42:27,632 - INFO - Fetching unread emails...
2025-04-26 17:42:27,632 - INFO - Logging in to email account...
2025-04-26 17:42:30,327 - INFO - Logged in to email account successfully.
2025-04-26 17:42:31,656 - INFO - Status: OK
2025-04-26 17:42:31,997 - INFO - Logged out to email account successfully.
2025-04-26 17:42:32,998 - INFO - Processing incoming emails...
2025-04-26 17:42:32,998 - INFO - Fetching unread emails...
2025-04-26 17:42:32,998 - INFO - Logging in to email account...
2025-04-26 17:42:35,448 - INFO - Logged in to email account successfully.
2025-04-26 17:42:36,166 - INFO - Status: OK
2025-04-26 17:42:36,498 - INFO - Logged out to email account successfully.
2025-04-26 17:42:37,499 - INFO - Processing incoming emails...
2025-04-26 17:42:37,500 - INFO - Fetching unread emails...
2025-04-26 17:42:37,500 - INFO - Logging in to email account...
2025-04-26 17:42:39,647 - INFO - Logged in to email account successfully.
2025-04-26 17:42:40,370 - INFO - Status: OK
2025-04-26 17:42:41,083 - INFO - Logged out to email account successfully.
2025-04-26 17:42:42,083 - INFO - Processing incoming emails...
2025-04-26 17:42:42,084 - INFO - Fetching unread emails...
2025-04-26 17:42:42,084 - INFO - Logging in to email account...
2025-04-26 17:42:44,372 - INFO - Logged in to email account successfully.
2025-04-26 17:42:45,048 - INFO - Status: OK
2025-04-26 17:42:45,370 - INFO - Logged out to email account successfully.
2025-04-26 17:42:46,371 - INFO - Processing incoming emails...
2025-04-26 17:42:46,371 - INFO - Fetching unread emails...
2025-04-26 17:42:46,371 - INFO - Logging in to email account...
2025-04-26 17:42:49,068 - INFO - Logged in to email account successfully.
2025-04-26 17:42:50,080 - INFO - Status: OK
2025-04-26 17:42:50,705 - INFO - Logged out to email account successfully.
2025-04-26 17:42:51,706 - INFO - Processing incoming emails...
2025-04-26 17:42:51,707 - INFO - Fetching unread emails...
2025-04-26 17:42:51,707 - INFO - Logging in to email account...
2025-04-26 17:42:54,422 - INFO - Logged in to email account successfully.
2025-04-26 17:42:55,115 - INFO - Status: OK
2025-04-26 17:42:55,458 - INFO - Logged out to email account successfully.
2025-04-26 17:42:56,459 - INFO - Processing incoming emails...
2025-04-26 17:42:56,459 - INFO - Fetching unread emails...
2025-04-26 17:42:56,460 - INFO - Logging in to email account...
2025-04-26 17:42:58,837 - INFO - Logged in to email account successfully.
2025-04-26 17:42:59,921 - INFO - Status: OK
2025-04-26 17:43:00,538 - INFO - Logged out to email account successfully.
2025-04-26 17:43:01,539 - INFO - Processing incoming emails...
2025-04-26 17:43:01,539 - INFO - Fetching unread emails...
2025-04-26 17:43:01,540 - INFO - Logging in to email account...
2025-04-26 17:43:03,930 - INFO - Logged in to email account successfully.
2025-04-26 17:43:04,940 - INFO - Status: OK
2025-04-26 17:43:05,290 - INFO - Logged out to email account successfully.
2025-04-26 17:43:06,290 - INFO - Processing incoming emails...
2025-04-26 17:43:06,290 - INFO - Fetching unread emails...
2025-04-26 17:43:06,290 - INFO - Logging in to email account...
2025-04-26 17:43:08,601 - INFO - Logged in to email account successfully.
2025-04-26 17:43:09,532 - INFO - Status: OK
2025-04-26 17:43:09,870 - INFO - Logged out to email account successfully.
2025-04-26 17:43:10,871 - INFO - Processing incoming emails...
2025-04-26 17:43:10,872 - INFO - Fetching unread emails...
2025-04-26 17:43:10,872 - INFO - Logging in to email account...
2025-04-26 17:43:13,606 - INFO - Logged in to email account successfully.
2025-04-26 17:43:14,583 - INFO - Status: OK
2025-04-26 17:43:14,911 - INFO - Logged out to email account successfully.
2025-04-26 17:43:15,912 - INFO - Processing incoming emails...
2025-04-26 17:43:15,912 - INFO - Fetching unread emails...
2025-04-26 17:43:15,912 - INFO - Logging in to email account...
2025-04-26 17:43:17,432 - INFO - Logged in to email account successfully.
2025-04-26 17:43:18,095 - INFO - Status: OK
2025-04-26 17:43:18,417 - INFO - Logged out to email account successfully.
2025-04-26 17:43:19,418 - INFO - Processing incoming emails...
2025-04-26 17:43:19,418 - INFO - Fetching unread emails...
2025-04-26 17:43:19,419 - INFO - Logging in to email account...
2025-04-26 17:43:22,245 - INFO - Logged in to email account successfully.
2025-04-26 17:43:22,944 - INFO - Status: OK
2025-04-26 17:43:23,362 - INFO - Logged out to email account successfully.
2025-04-26 17:43:24,363 - INFO - Processing incoming emails...
2025-04-26 17:43:24,363 - INFO - Fetching unread emails...
2025-04-26 17:43:24,363 - INFO - Logging in to email account...
2025-04-26 17:43:26,485 - INFO - Logged in to email account successfully.
2025-04-26 17:43:27,348 - INFO - Status: OK
2025-04-26 17:43:27,678 - INFO - Logged out to email account successfully.
2025-04-26 17:43:28,679 - INFO - Processing incoming emails...
2025-04-26 17:43:28,679 - INFO - Fetching unread emails...
2025-04-26 17:43:28,679 - INFO - Logging in to email account...
2025-04-26 17:43:31,328 - INFO - Logged in to email account successfully.
2025-04-26 17:43:32,068 - INFO - Status: OK
2025-04-26 17:43:32,400 - INFO - Logged out to email account successfully.
2025-04-26 17:43:33,401 - INFO - Processing incoming emails...
2025-04-26 17:43:33,402 - INFO - Fetching unread emails...
2025-04-26 17:43:33,402 - INFO - Logging in to email account...
2025-04-26 17:43:35,606 - INFO - Logged in to email account successfully.
2025-04-26 17:43:36,287 - INFO - Status: OK
2025-04-26 17:43:36,621 - INFO - Logged out to email account successfully.
2025-04-26 17:43:37,622 - INFO - Processing incoming emails...
2025-04-26 17:43:37,622 - INFO - Fetching unread emails...
2025-04-26 17:43:37,622 - INFO - Logging in to email account...
2025-04-26 17:43:40,034 - INFO - Logged in to email account successfully.
2025-04-26 17:43:40,778 - INFO - Status: OK
2025-04-26 23:38:46,399 - INFO - Logging in to email account...
2025-04-26 23:38:48,502 - INFO - Logged in to email account successfully.
2025-04-26 23:38:48,504 - INFO - Processing incoming emails...
2025-04-26 23:38:48,504 - INFO - Fetching unread emails...
2025-04-26 23:38:48,504 - INFO - Logging in to email account...
2025-04-26 23:38:50,778 - INFO - Logged in to email account successfully.
2025-04-26 23:38:51,505 - INFO - Status: OK
2025-04-26 23:38:51,917 - INFO - Logged out to email account successfully.
2025-04-26 23:38:52,918 - INFO - Processing incoming emails...
2025-04-26 23:38:52,918 - INFO - Fetching unread emails...
2025-04-26 23:38:52,919 - INFO - Logging in to email account...
2025-04-26 23:38:55,296 - INFO - Logged in to email account successfully.
2025-04-26 23:38:56,493 - INFO - Status: OK
2025-04-26 23:38:56,856 - INFO - Logged out to email account successfully.
2025-04-26 23:38:57,857 - INFO - Processing incoming emails...
2025-04-26 23:38:57,857 - INFO - Fetching unread emails...
2025-04-26 23:38:57,858 - INFO - Logging in to email account...
2025-04-26 23:39:02,493 - INFO - Logged in to email account successfully.
2025-04-26 23:39:04,127 - INFO - Status: OK
2025-04-26 23:39:04,846 - INFO - Logged out to email account successfully.
2025-04-26 23:39:05,847 - INFO - Processing incoming emails...
2025-04-26 23:39:05,847 - INFO - Fetching unread emails...
2025-04-26 23:39:05,848 - INFO - Logging in to email account...
2025-04-26 23:39:09,083 - INFO - Logged in to email account successfully.
2025-04-26 23:39:09,933 - INFO - Status: OK
2025-04-26 23:39:10,250 - INFO - Logged out to email account successfully.
2025-04-26 23:39:11,251 - INFO - Processing incoming emails...
2025-04-26 23:39:11,252 - INFO - Fetching unread emails...
2025-04-26 23:39:11,252 - INFO - Logging in to email account...
2025-04-26 23:39:15,417 - INFO - Logged in to email account successfully.
2025-04-26 23:39:16,227 - INFO - Status: OK
2025-04-26 23:39:16,555 - INFO - Logged out to email account successfully.
2025-04-26 23:39:17,556 - INFO - Processing incoming emails...
2025-04-26 23:39:17,556 - INFO - Fetching unread emails...
2025-04-26 23:39:17,557 - INFO - Logging in to email account...
2025-04-26 23:39:19,722 - INFO - Logged in to email account successfully.
2025-04-26 23:39:20,395 - INFO - Status: OK
2025-04-26 23:39:20,809 - INFO - Logged out to email account successfully.
2025-04-26 23:39:21,810 - INFO - Processing incoming emails...
2025-04-26 23:39:21,811 - INFO - Fetching unread emails...
2025-04-26 23:39:21,811 - INFO - Logging in to email account...
2025-04-26 23:39:23,946 - INFO - Logged in to email account successfully.
2025-04-26 23:39:24,555 - INFO - Status: OK
2025-04-26 23:39:24,855 - INFO - Logged out to email account successfully.
2025-04-26 23:39:25,856 - INFO - Processing incoming emails...
2025-04-26 23:39:25,856 - INFO - Fetching unread emails...
2025-04-26 23:39:25,856 - INFO - Logging in to email account...
2025-04-26 23:39:27,980 - INFO - Logged in to email account successfully.
2025-04-26 23:39:28,777 - INFO - Status: OK
2025-04-26 23:39:29,086 - INFO - Logged out to email account successfully.
2025-04-26 23:39:30,087 - INFO - Processing incoming emails...
2025-04-26 23:39:30,087 - INFO - Fetching unread emails...
2025-04-26 23:39:30,088 - INFO - Logging in to email account...
2025-04-26 23:39:32,860 - INFO - Logged in to email account successfully.
2025-04-26 23:39:33,603 - INFO - Status: OK
2025-04-26 23:39:33,902 - INFO - Logged out to email account successfully.
2025-04-26 23:39:34,903 - INFO - Processing incoming emails...
2025-04-26 23:39:34,903 - INFO - Fetching unread emails...
2025-04-26 23:39:34,903 - INFO - Logging in to email account...
2025-04-26 23:39:36,256 - INFO - Logged in to email account successfully.
2025-04-26 23:39:36,902 - INFO - Status: OK
2025-04-26 23:39:37,214 - INFO - Logged out to email account successfully.
2025-04-26 23:39:38,215 - INFO - Processing incoming emails...
2025-04-26 23:39:38,216 - INFO - Fetching unread emails...
2025-04-26 23:39:38,216 - INFO - Logging in to email account...
2025-04-26 23:39:40,269 - INFO - Logged in to email account successfully.
2025-04-26 23:39:40,864 - INFO - Status: OK
2025-04-26 23:39:41,142 - INFO - Logged out to email account successfully.
2025-04-26 23:39:42,143 - INFO - Processing incoming emails...
2025-04-26 23:39:42,143 - INFO - Fetching unread emails...
2025-04-26 23:39:42,143 - INFO - Logging in to email account...
2025-04-26 23:39:44,360 - INFO - Logged in to email account successfully.
2025-04-26 23:39:45,037 - INFO - Status: OK
2025-04-26 23:39:45,321 - INFO - Logged out to email account successfully.
2025-04-26 23:39:46,321 - INFO - Processing incoming emails...
2025-04-26 23:39:46,322 - INFO - Fetching unread emails...
2025-04-26 23:39:46,322 - INFO - Logging in to email account...
2025-04-26 23:39:48,140 - INFO - Logged in to email account successfully.
2025-04-26 23:39:48,874 - INFO - Status: OK
2025-04-26 23:39:49,273 - INFO - Logged out to email account successfully.
2025-04-26 23:39:50,274 - INFO - Processing incoming emails...
2025-04-26 23:39:50,274 - INFO - Fetching unread emails...
2025-04-26 23:39:50,275 - INFO - Logging in to email account...
2025-04-26 23:39:52,415 - INFO - Logged in to email account successfully.
2025-04-26 23:39:53,061 - INFO - Status: OK
2025-04-26 23:39:53,352 - INFO - Logged out to email account successfully.
2025-04-26 23:39:54,353 - INFO - Processing incoming emails...
2025-04-26 23:39:54,354 - INFO - Fetching unread emails...
2025-04-26 23:39:54,354 - INFO - Logging in to email account...
2025-04-26 23:39:56,305 - INFO - Logged in to email account successfully.
2025-04-26 23:39:56,970 - INFO - Status: OK
2025-04-26 23:39:57,430 - INFO - Email is multipart
2025-04-26 23:39:57,704 - INFO - Logged out to email account successfully.
2025-04-26 23:39:57,705 - INFO - Authenticating email address: muhammad.faiz@dataropes.ai
2025-04-26 23:39:57,706 - INFO - Connected to database successfully.
2025-04-26 23:39:57,706 - INFO - Checking if email exists in database...
2025-04-26 23:39:57,708 - INFO - Closing database connection...
2025-04-26 23:39:57,708 - INFO - Sending email to muhammad.faiz@dataropes.ai
2025-04-26 23:39:57,709 - INFO - Connecting to SMTP server...
2025-04-26 23:39:58,544 - INFO - Logging in to Email account...
2025-04-26 23:39:59,067 - INFO - Sending email...
2025-04-26 23:40:02,645 - INFO - Processing incoming emails...
2025-04-26 23:40:02,646 - INFO - Fetching unread emails...
2025-04-26 23:40:02,647 - INFO - Logging in to email account...
2025-04-26 23:40:04,057 - INFO - Logged in to email account successfully.
2025-04-26 23:40:04,791 - INFO - Status: OK
2025-04-26 23:40:05,225 - INFO - Logged out to email account successfully.
2025-04-26 23:40:06,226 - INFO - Processing incoming emails...
2025-04-26 23:40:06,226 - INFO - Fetching unread emails...
2025-04-26 23:40:06,227 - INFO - Logging in to email account...
2025-04-26 23:40:08,339 - INFO - Logged in to email account successfully.
2025-04-26 23:40:09,066 - INFO - Status: OK
2025-04-26 23:40:09,434 - INFO - Logged out to email account successfully.
2025-04-26 23:40:10,435 - INFO - Processing incoming emails...
2025-04-26 23:40:10,435 - INFO - Fetching unread emails...
2025-04-26 23:40:10,435 - INFO - Logging in to email account...
2025-04-26 23:40:13,932 - INFO - Logged in to email account successfully.
2025-04-26 23:40:15,073 - INFO - Status: OK
2025-04-26 23:40:15,570 - INFO - Logged out to email account successfully.
2025-04-26 23:40:16,571 - INFO - Processing incoming emails...
2025-04-26 23:40:16,571 - INFO - Fetching unread emails...
2025-04-26 23:40:16,571 - INFO - Logging in to email account...
2025-04-26 23:40:18,479 - INFO - Logged in to email account successfully.
2025-04-26 23:40:19,256 - INFO - Status: OK
2025-04-26 23:40:19,601 - INFO - Logged out to email account successfully.
2025-04-26 23:40:20,602 - INFO - Processing incoming emails...
2025-04-26 23:40:20,602 - INFO - Fetching unread emails...
2025-04-26 23:40:20,603 - INFO - Logging in to email account...
2025-04-26 23:40:22,873 - INFO - Logged in to email account successfully.
2025-04-26 23:40:23,548 - INFO - Status: OK
2025-04-26 23:40:23,835 - INFO - Logged out to email account successfully.
2025-04-26 23:40:24,836 - INFO - Processing incoming emails...
2025-04-26 23:40:24,837 - INFO - Fetching unread emails...
2025-04-26 23:40:24,837 - INFO - Logging in to email account...
2025-04-26 23:40:28,472 - INFO - Logged in to email account successfully.
2025-04-26 23:40:29,117 - INFO - Status: OK
2025-04-26 23:40:29,413 - INFO - Logged out to email account successfully.
2025-04-26 23:40:30,413 - INFO - Processing incoming emails...
2025-04-26 23:40:30,414 - INFO - Fetching unread emails...
2025-04-26 23:40:30,414 - INFO - Logging in to email account...
2025-04-26 23:40:32,272 - INFO - Logged in to email account successfully.
2025-04-26 23:40:32,861 - INFO - Status: OK
2025-04-26 23:40:33,142 - INFO - Logged out to email account successfully.
2025-04-26 23:40:34,142 - INFO - Processing incoming emails...
2025-04-26 23:40:34,143 - INFO - Fetching unread emails...
2025-04-26 23:40:34,143 - INFO - Logging in to email account...
2025-04-26 23:40:36,261 - INFO - Logged in to email account successfully.
2025-04-26 23:40:36,956 - INFO - Status: OK
2025-04-26 23:40:37,492 - INFO - Email is multipart
2025-04-26 23:40:37,911 - INFO - Logged out to email account successfully.
2025-04-26 23:40:37,912 - INFO - Authenticating email address: muhammad.faiz@dataropes.ai
2025-04-26 23:40:37,912 - INFO - Connected to database successfully.
2025-04-26 23:40:37,913 - INFO - Checking if email exists in database...
2025-04-26 23:40:37,914 - INFO - Closing database connection...
2025-04-26 23:40:37,914 - INFO - Sending email to muhammad.faiz@dataropes.ai
2025-04-26 23:40:37,915 - INFO - Connecting to SMTP server...
2025-04-26 23:40:38,513 - INFO - Logging in to Email account...
2025-04-26 23:40:39,114 - INFO - Sending email...
2025-04-26 23:40:42,581 - INFO - Processing incoming emails...
2025-04-26 23:40:42,581 - INFO - Fetching unread emails...
2025-04-26 23:40:42,582 - INFO - Logging in to email account...
2025-04-26 23:40:45,470 - INFO - Logged in to email account successfully.
2025-04-26 23:40:46,041 - INFO - Status: OK
2025-04-26 23:40:46,325 - INFO - Logged out to email account successfully.
2025-04-26 23:40:47,326 - INFO - Processing incoming emails...
2025-04-26 23:40:47,327 - INFO - Fetching unread emails...
2025-04-26 23:40:47,327 - INFO - Logging in to email account...
2025-04-26 23:40:49,312 - INFO - Logged in to email account successfully.
2025-04-26 23:40:49,981 - INFO - Status: OK
2025-04-26 23:40:50,272 - INFO - Logged out to email account successfully.
2025-04-26 23:40:51,273 - INFO - Processing incoming emails...
2025-04-26 23:40:51,274 - INFO - Fetching unread emails...
2025-04-26 23:40:51,274 - INFO - Logging in to email account...
2025-04-26 23:40:53,874 - INFO - Logged in to email account successfully.
2025-04-26 23:40:54,486 - INFO - Status: OK
2025-04-26 23:40:54,771 - INFO - Logged out to email account successfully.
2025-04-26 23:40:55,772 - INFO - Processing incoming emails...
2025-04-26 23:40:55,772 - INFO - Fetching unread emails...
2025-04-26 23:40:55,773 - INFO - Logging in to email account...
2025-04-26 23:40:58,235 - INFO - Logged in to email account successfully.
2025-04-26 23:40:58,899 - INFO - Status: OK
2025-04-26 23:40:59,186 - INFO - Logged out to email account successfully.
2025-04-26 23:41:00,187 - INFO - Processing incoming emails...
2025-04-26 23:41:00,187 - INFO - Fetching unread emails...
2025-04-26 23:41:00,187 - INFO - Logging in to email account...
2025-04-26 23:41:03,310 - INFO - Logged in to email account successfully.
2025-04-26 23:41:04,108 - INFO - Status: OK
2025-04-26 23:41:04,404 - INFO - Logged out to email account successfully.
2025-04-26 23:41:05,405 - INFO - Processing incoming emails...
2025-04-26 23:41:05,405 - INFO - Fetching unread emails...
2025-04-26 23:41:05,460 - INFO - Logging in to email account...
2025-04-26 23:41:07,468 - INFO - Logged in to email account successfully.
2025-04-26 23:41:08,108 - INFO - Status: OK
2025-04-26 23:41:08,395 - INFO - Logged out to email account successfully.
2025-04-26 23:41:09,395 - INFO - Processing incoming emails...
2025-04-26 23:41:09,396 - INFO - Fetching unread emails...
2025-04-26 23:41:09,396 - INFO - Logging in to email account...
2025-04-26 23:41:11,927 - INFO - Logged in to email account successfully.
2025-04-26 23:41:12,821 - INFO - Status: OK
2025-04-26 23:41:13,103 - INFO - Logged out to email account successfully.
2025-04-26 23:41:14,104 - INFO - Processing incoming emails...
2025-04-26 23:41:14,104 - INFO - Fetching unread emails...
2025-04-26 23:41:14,105 - INFO - Logging in to email account...
2025-04-26 23:41:16,217 - INFO - Logged in to email account successfully.
2025-04-26 23:41:16,910 - INFO - Status: OK
2025-04-26 23:41:17,202 - INFO - Logged out to email account successfully.
2025-04-26 23:41:18,203 - INFO - Processing incoming emails...
2025-04-26 23:41:18,203 - INFO - Fetching unread emails...
2025-04-26 23:41:18,204 - INFO - Logging in to email account...
2025-04-26 23:41:20,580 - INFO - Logged in to email account successfully.
2025-04-26 23:41:21,219 - INFO - Status: OK
2025-04-26 23:41:21,505 - INFO - Logged out to email account successfully.
2025-04-26 23:41:22,506 - INFO - Processing incoming emails...
2025-04-26 23:41:22,506 - INFO - Fetching unread emails...
2025-04-26 23:41:22,507 - INFO - Logging in to email account...
2025-04-26 23:41:24,603 - INFO - Logged in to email account successfully.
2025-04-26 23:41:25,201 - INFO - Status: OK
2025-04-26 23:41:25,484 - INFO - Logged out to email account successfully.
2025-04-26 23:41:26,485 - INFO - Processing incoming emails...
2025-04-26 23:41:26,485 - INFO - Fetching unread emails...
2025-04-26 23:41:26,493 - INFO - Logging in to email account...
2025-04-26 23:41:28,896 - INFO - Logged in to email account successfully.
2025-04-26 23:41:29,479 - INFO - Status: OK
2025-04-26 23:41:29,816 - INFO - Logged out to email account successfully.
2025-04-26 23:41:30,817 - INFO - Processing incoming emails...
2025-04-26 23:41:30,817 - INFO - Fetching unread emails...
2025-04-26 23:41:30,818 - INFO - Logging in to email account...
2025-04-26 23:41:32,886 - INFO - Logged in to email account successfully.
2025-04-26 23:41:33,495 - INFO - Status: OK
2025-04-26 23:41:33,778 - INFO - Logged out to email account successfully.
2025-04-26 23:41:34,779 - INFO - Processing incoming emails...
2025-04-26 23:41:34,779 - INFO - Fetching unread emails...
2025-04-26 23:41:34,780 - INFO - Logging in to email account...
2025-04-26 23:41:36,110 - INFO - Logged in to email account successfully.
2025-04-26 23:41:36,769 - INFO - Status: OK
2025-04-26 23:41:37,050 - INFO - Logged out to email account successfully.
2025-04-26 23:41:38,051 - INFO - Processing incoming emails...
2025-04-26 23:41:38,051 - INFO - Fetching unread emails...
2025-04-26 23:41:38,051 - INFO - Logging in to email account...
2025-04-26 23:41:39,560 - INFO - Logged in to email account successfully.
2025-04-26 23:41:40,253 - INFO - Status: OK
2025-04-26 23:41:40,543 - INFO - Logged out to email account successfully.
2025-04-26 23:41:41,543 - INFO - Processing incoming emails...
2025-04-26 23:41:41,544 - INFO - Fetching unread emails...
2025-04-26 23:41:41,544 - INFO - Logging in to email account...
2025-04-26 23:41:43,641 - INFO - Logged in to email account successfully.
2025-04-26 23:41:44,362 - INFO - Status: OK
2025-04-26 23:41:44,655 - INFO - Logged out to email account successfully.
2025-04-26 23:41:45,656 - INFO - Processing incoming emails...
2025-04-26 23:41:45,657 - INFO - Fetching unread emails...
2025-04-26 23:41:45,657 - INFO - Logging in to email account...
2025-04-26 23:41:47,769 - INFO - Logged in to email account successfully.
2025-04-26 23:41:48,471 - INFO - Status: OK
2025-04-26 23:41:48,769 - INFO - Logged out to email account successfully.
2025-04-26 23:41:49,770 - INFO - Processing incoming emails...
2025-04-26 23:41:49,770 - INFO - Fetching unread emails...
2025-04-26 23:41:49,770 - INFO - Logging in to email account...
2025-04-26 23:41:52,678 - INFO - Logged in to email account successfully.
2025-04-26 23:41:53,360 - INFO - Status: OK
2025-04-26 23:41:53,643 - INFO - Logged out to email account successfully.
2025-04-26 23:41:54,644 - INFO - Processing incoming emails...
2025-04-26 23:41:54,644 - INFO - Fetching unread emails...
2025-04-26 23:41:54,645 - INFO - Logging in to email account...
2025-04-26 23:41:56,745 - INFO - Logged in to email account successfully.
2025-04-26 23:41:57,341 - INFO - Status: OK
2025-04-26 23:41:57,631 - INFO - Logged out to email account successfully.
2025-04-26 23:41:58,632 - INFO - Processing incoming emails...
2025-04-26 23:41:58,633 - INFO - Fetching unread emails...
2025-04-26 23:41:58,640 - INFO - Logging in to email account...
2025-04-26 23:42:00,756 - INFO - Logged in to email account successfully.
2025-04-26 23:42:01,337 - INFO - Status: OK
2025-04-26 23:42:01,622 - INFO - Logged out to email account successfully.
2025-04-26 23:42:02,622 - INFO - Processing incoming emails...
2025-04-26 23:42:02,623 - INFO - Fetching unread emails...
2025-04-26 23:42:02,623 - INFO - Logging in to email account...
2025-04-26 23:42:04,746 - INFO - Logged in to email account successfully.
2025-04-26 23:42:05,553 - INFO - Status: OK
2025-04-26 23:42:05,844 - INFO - Logged out to email account successfully.
2025-04-26 23:42:06,845 - INFO - Processing incoming emails...
2025-04-26 23:42:06,845 - INFO - Fetching unread emails...
2025-04-26 23:42:06,846 - INFO - Logging in to email account...
2025-04-26 23:42:09,151 - INFO - Logged in to email account successfully.
2025-04-26 23:42:09,853 - INFO - Status: OK
2025-04-26 23:42:10,141 - INFO - Logged out to email account successfully.
2025-04-26 23:42:11,142 - INFO - Processing incoming emails...
2025-04-26 23:42:11,142 - INFO - Fetching unread emails...
2025-04-26 23:42:11,143 - INFO - Logging in to email account...
2025-04-26 23:42:12,832 - INFO - Logged in to email account successfully.
2025-04-26 23:42:13,546 - INFO - Status: OK
2025-04-26 23:42:13,833 - INFO - Logged out to email account successfully.
2025-04-26 23:42:14,834 - INFO - Processing incoming emails...
2025-04-26 23:42:14,835 - INFO - Fetching unread emails...
2025-04-26 23:42:14,835 - INFO - Logging in to email account...
2025-04-26 23:42:17,147 - INFO - Logged in to email account successfully.
2025-04-26 23:42:17,836 - INFO - Status: OK
2025-04-26 23:42:18,127 - INFO - Logged out to email account successfully.
2025-04-26 23:42:19,128 - INFO - Processing incoming emails...
2025-04-26 23:42:19,129 - INFO - Fetching unread emails...
2025-04-26 23:42:19,183 - INFO - Logging in to email account...
2025-04-26 23:42:21,291 - INFO - Logged in to email account successfully.
2025-04-26 23:42:22,042 - INFO - Status: OK
2025-04-26 23:42:22,453 - INFO - Logged out to email account successfully.
2025-04-26 23:42:23,454 - INFO - Processing incoming emails...
2025-04-26 23:42:23,455 - INFO - Fetching unread emails...
2025-04-26 23:42:23,455 - INFO - Logging in to email account...
2025-04-26 23:42:26,343 - INFO - Logged in to email account successfully.
2025-04-26 23:42:27,073 - INFO - Status: OK
2025-04-26 23:42:27,356 - INFO - Logged out to email account successfully.
2025-04-26 23:42:28,357 - INFO - Processing incoming emails...
2025-04-26 23:42:28,357 - INFO - Fetching unread emails...
2025-04-26 23:42:28,358 - INFO - Logging in to email account...
2025-04-26 23:42:30,304 - INFO - Logged in to email account successfully.
2025-04-26 23:42:30,947 - INFO - Status: OK
2025-04-26 23:42:31,247 - INFO - Logged out to email account successfully.
2025-04-26 23:42:32,247 - INFO - Processing incoming emails...
2025-04-26 23:42:32,248 - INFO - Fetching unread emails...
2025-04-26 23:42:32,248 - INFO - Logging in to email account...
2025-04-26 23:42:33,727 - INFO - Logged in to email account successfully.
2025-04-26 23:42:34,422 - INFO - Status: OK
2025-04-26 23:42:34,709 - INFO - Logged out to email account successfully.
2025-04-26 23:42:35,710 - INFO - Processing incoming emails...
2025-04-26 23:42:35,710 - INFO - Fetching unread emails...
2025-04-26 23:42:35,710 - INFO - Logging in to email account...
2025-04-26 23:42:37,706 - INFO - Logged in to email account successfully.
2025-04-26 23:42:38,428 - INFO - Status: OK
2025-04-26 23:42:38,714 - INFO - Logged out to email account successfully.
2025-04-26 23:42:39,715 - INFO - Processing incoming emails...
2025-04-26 23:42:39,715 - INFO - Fetching unread emails...
2025-04-26 23:42:39,716 - INFO - Logging in to email account...
2025-04-26 23:42:41,299 - INFO - Logged in to email account successfully.
2025-04-26 23:42:41,884 - INFO - Status: OK
2025-04-26 23:42:42,172 - INFO - Logged out to email account successfully.
2025-04-26 23:42:43,173 - INFO - Processing incoming emails...
2025-04-26 23:42:43,173 - INFO - Fetching unread emails...
2025-04-26 23:42:43,181 - INFO - Logging in to email account...
2025-04-26 23:42:45,189 - INFO - Logged in to email account successfully.
2025-04-26 23:42:45,750 - INFO - Status: OK
2025-04-26 23:42:46,096 - INFO - Logged out to email account successfully.
2025-04-26 23:42:47,097 - INFO - Processing incoming emails...
2025-04-26 23:42:47,098 - INFO - Fetching unread emails...
2025-04-26 23:42:47,098 - INFO - Logging in to email account...
2025-04-26 23:42:52,045 - INFO - Logged in to email account successfully.
2025-04-26 23:42:52,636 - INFO - Status: OK
2025-04-26 23:42:52,928 - INFO - Logged out to email account successfully.
2025-04-26 23:42:53,929 - INFO - Processing incoming emails...
2025-04-26 23:42:53,930 - INFO - Fetching unread emails...
2025-04-26 23:42:53,930 - INFO - Logging in to email account...
2025-04-26 23:42:55,408 - INFO - Logged in to email account successfully.
2025-04-26 23:42:56,023 - INFO - Status: OK
2025-04-26 23:42:56,320 - INFO - Logged out to email account successfully.
2025-04-26 23:42:57,321 - INFO - Processing incoming emails...
2025-04-26 23:42:57,321 - INFO - Fetching unread emails...
2025-04-26 23:42:57,322 - INFO - Logging in to email account...
2025-04-26 23:42:59,734 - INFO - Logged in to email account successfully.
2025-04-26 23:43:00,669 - INFO - Status: OK
2025-04-26 23:43:01,067 - INFO - Logged out to email account successfully.
2025-04-26 23:43:02,068 - INFO - Processing incoming emails...
2025-04-26 23:43:02,069 - INFO - Fetching unread emails...
2025-04-26 23:43:02,069 - INFO - Logging in to email account...
2025-04-26 23:43:04,689 - INFO - Logged in to email account successfully.
2025-04-26 23:43:05,347 - INFO - Status: OK
2025-04-26 23:43:05,634 - INFO - Logged out to email account successfully.
2025-04-26 23:43:06,635 - INFO - Processing incoming emails...
2025-04-26 23:43:06,635 - INFO - Fetching unread emails...
2025-04-26 23:43:06,643 - INFO - Logging in to email account...
2025-04-26 23:43:09,450 - INFO - Logged in to email account successfully.
2025-04-26 23:43:10,478 - INFO - Status: OK
2025-04-26 23:43:10,756 - INFO - Logged out to email account successfully.
2025-04-26 23:43:11,757 - INFO - Processing incoming emails...
2025-04-26 23:43:11,757 - INFO - Fetching unread emails...
2025-04-26 23:43:11,765 - INFO - Logging in to email account...
2025-04-26 23:43:13,666 - INFO - Logged in to email account successfully.
2025-04-26 23:43:14,467 - INFO - Status: OK
2025-04-26 23:43:14,754 - INFO - Logged out to email account successfully.
2025-04-26 23:43:15,755 - INFO - Processing incoming emails...
2025-04-26 23:43:15,755 - INFO - Fetching unread emails...
2025-04-26 23:43:15,755 - INFO - Logging in to email account...
2025-04-26 23:43:18,059 - INFO - Logged in to email account successfully.
2025-04-26 23:43:18,643 - INFO - Status: OK
2025-04-26 23:43:18,973 - INFO - Logged out to email account successfully.
2025-04-26 23:43:19,974 - INFO - Processing incoming emails...
2025-04-26 23:43:19,975 - INFO - Fetching unread emails...
2025-04-26 23:43:19,975 - INFO - Logging in to email account...
2025-04-26 23:43:22,254 - INFO - Logged in to email account successfully.
2025-04-26 23:43:22,836 - INFO - Status: OK
2025-04-26 23:43:23,188 - INFO - Logged out to email account successfully.
2025-04-26 23:43:24,189 - INFO - Processing incoming emails...
2025-04-26 23:43:24,190 - INFO - Fetching unread emails...
2025-04-26 23:43:24,190 - INFO - Logging in to email account...
2025-04-26 23:43:26,397 - INFO - Logged in to email account successfully.
2025-04-26 23:43:27,064 - INFO - Status: OK
2025-04-26 23:43:27,363 - INFO - Logged out to email account successfully.
2025-04-26 23:43:28,364 - INFO - Processing incoming emails...
2025-04-26 23:43:28,364 - INFO - Fetching unread emails...
2025-04-26 23:43:28,372 - INFO - Logging in to email account...
2025-04-26 23:43:30,550 - INFO - Logged in to email account successfully.
2025-04-26 23:43:31,154 - INFO - Status: OK
2025-04-26 23:43:31,453 - INFO - Logged out to email account successfully.
2025-04-26 23:43:32,454 - INFO - Processing incoming emails...
2025-04-26 23:43:32,454 - INFO - Fetching unread emails...
2025-04-26 23:43:32,455 - INFO - Logging in to email account...
2025-04-26 23:43:35,122 - INFO - Logged in to email account successfully.
2025-04-26 23:43:35,754 - INFO - Status: OK
2025-04-26 23:43:36,047 - INFO - Logged out to email account successfully.
2025-04-26 23:43:37,048 - INFO - Processing incoming emails...
2025-04-26 23:43:37,049 - INFO - Fetching unread emails...
2025-04-26 23:43:37,049 - INFO - Logging in to email account...
2025-04-26 23:43:39,152 - INFO - Logged in to email account successfully.
2025-04-26 23:43:39,756 - INFO - Status: OK
2025-04-26 23:43:40,044 - INFO - Logged out to email account successfully.
2025-04-26 23:43:41,044 - INFO - Processing incoming emails...
2025-04-26 23:43:41,045 - INFO - Fetching unread emails...
2025-04-26 23:43:41,045 - INFO - Logging in to email account...
2025-04-26 23:43:44,157 - INFO - Logged in to email account successfully.
2025-04-26 23:43:44,866 - INFO - Status: OK
2025-04-26 23:43:45,161 - INFO - Logged out to email account successfully.
2025-04-26 23:43:46,161 - INFO - Processing incoming emails...
2025-04-26 23:43:46,162 - INFO - Fetching unread emails...
2025-04-26 23:43:46,162 - INFO - Logging in to email account...
2025-04-26 23:43:48,153 - INFO - Logged in to email account successfully.
2025-04-26 23:43:48,785 - INFO - Status: OK
2025-04-26 23:43:49,077 - INFO - Logged out to email account successfully.
2025-04-26 23:43:50,077 - INFO - Processing incoming emails...
2025-04-26 23:43:50,078 - INFO - Fetching unread emails...
2025-04-26 23:43:50,078 - INFO - Logging in to email account...
2025-04-26 23:43:51,849 - INFO - Logged in to email account successfully.
2025-04-26 23:43:52,448 - INFO - Status: OK
2025-04-26 23:43:52,728 - INFO - Logged out to email account successfully.
2025-04-26 23:43:53,729 - INFO - Processing incoming emails...
2025-04-26 23:43:53,730 - INFO - Fetching unread emails...
2025-04-26 23:43:53,731 - INFO - Logging in to email account...
2025-04-26 23:43:55,994 - INFO - Logged in to email account successfully.
2025-04-26 23:43:56,653 - INFO - Status: OK
2025-04-26 23:43:56,946 - INFO - Logged out to email account successfully.
2025-04-26 23:43:57,946 - INFO - Processing incoming emails...
2025-04-26 23:43:57,947 - INFO - Fetching unread emails...
2025-04-26 23:43:58,001 - INFO - Logging in to email account...
2025-04-26 23:44:00,309 - INFO - Logged in to email account successfully.
2025-04-26 23:44:00,949 - INFO - Status: OK
2025-04-26 23:44:01,240 - INFO - Logged out to email account successfully.
2025-04-26 23:44:02,241 - INFO - Processing incoming emails...
2025-04-26 23:44:02,242 - INFO - Fetching unread emails...
2025-04-26 23:44:02,242 - INFO - Logging in to email account...
2025-04-26 23:44:05,159 - INFO - Logged in to email account successfully.
2025-04-26 23:44:05,870 - INFO - Status: OK
2025-04-26 23:44:06,170 - INFO - Logged out to email account successfully.
2025-04-26 23:44:07,171 - INFO - Processing incoming emails...
2025-04-26 23:44:07,172 - INFO - Fetching unread emails...
2025-04-26 23:44:07,172 - INFO - Logging in to email account...
2025-04-26 23:44:09,256 - INFO - Logged in to email account successfully.
2025-04-26 23:44:09,853 - INFO - Status: OK
2025-04-26 23:44:10,143 - INFO - Logged out to email account successfully.
2025-04-26 23:44:11,144 - INFO - Processing incoming emails...
2025-04-26 23:44:11,145 - INFO - Fetching unread emails...
2025-04-26 23:44:11,153 - INFO - Logging in to email account...
2025-04-26 23:44:13,451 - INFO - Logged in to email account successfully.
2025-04-26 23:44:14,043 - INFO - Status: OK
2025-04-26 23:44:14,322 - INFO - Logged out to email account successfully.
2025-04-26 23:44:15,323 - INFO - Processing incoming emails...
2025-04-26 23:44:15,324 - INFO - Fetching unread emails...
2025-04-26 23:44:15,324 - INFO - Logging in to email account...
2025-04-26 23:44:16,632 - INFO - Logged in to email account successfully.
2025-04-26 23:44:17,226 - INFO - Status: OK
2025-04-26 23:44:17,514 - INFO - Logged out to email account successfully.
2025-04-26 23:44:18,515 - INFO - Processing incoming emails...
2025-04-26 23:44:18,516 - INFO - Fetching unread emails...
2025-04-26 23:44:18,516 - INFO - Logging in to email account...
2025-04-26 23:44:20,451 - INFO - Logged in to email account successfully.
2025-04-26 23:44:21,231 - INFO - Status: OK
2025-04-26 23:44:21,517 - INFO - Logged out to email account successfully.
2025-04-26 23:44:22,518 - INFO - Processing incoming emails...
2025-04-26 23:44:22,519 - INFO - Fetching unread emails...
2025-04-26 23:44:22,527 - INFO - Logging in to email account...
2025-04-26 23:44:24,422 - INFO - Logged in to email account successfully.
2025-04-26 23:44:25,016 - INFO - Status: OK
2025-04-26 23:44:25,311 - INFO - Logged out to email account successfully.
2025-04-26 23:44:26,312 - INFO - Processing incoming emails...
2025-04-26 23:44:26,312 - INFO - Fetching unread emails...
2025-04-26 23:44:26,313 - INFO - Logging in to email account...
2025-04-26 23:44:27,806 - INFO - Logged in to email account successfully.
2025-04-26 23:44:28,489 - INFO - Status: OK
2025-04-26 23:44:28,804 - INFO - Logged out to email account successfully.
2025-04-26 23:44:29,805 - INFO - Processing incoming emails...
2025-04-26 23:44:29,805 - INFO - Fetching unread emails...
2025-04-26 23:44:29,805 - INFO - Logging in to email account...
2025-04-26 23:44:31,299 - INFO - Logged in to email account successfully.
2025-04-26 23:44:31,992 - INFO - Status: OK
2025-04-26 23:44:32,285 - INFO - Logged out to email account successfully.
2025-04-26 23:44:33,286 - INFO - Processing incoming emails...
2025-04-26 23:44:33,287 - INFO - Fetching unread emails...
2025-04-26 23:44:33,287 - INFO - Logging in to email account...
2025-04-26 23:44:35,785 - INFO - Logged in to email account successfully.
2025-04-26 23:44:36,482 - INFO - Status: OK
2025-04-26 23:44:36,768 - INFO - Logged out to email account successfully.
2025-04-26 23:44:37,769 - INFO - Processing incoming emails...
2025-04-26 23:44:37,769 - INFO - Fetching unread emails...
2025-04-26 23:44:37,769 - INFO - Logging in to email account...
2025-04-26 23:44:39,587 - INFO - Logged in to email account successfully.
2025-04-26 23:44:40,375 - INFO - Status: OK
2025-04-26 23:44:40,661 - INFO - Logged out to email account successfully.
2025-04-26 23:44:41,661 - INFO - Processing incoming emails...
2025-04-26 23:44:41,662 - INFO - Fetching unread emails...
2025-04-26 23:44:41,662 - INFO - Logging in to email account...
2025-04-26 23:44:43,657 - INFO - Logged in to email account successfully.
2025-04-26 23:44:44,257 - INFO - Status: OK
2025-04-26 23:44:44,551 - INFO - Logged out to email account successfully.
2025-04-26 23:44:45,552 - INFO - Processing incoming emails...
2025-04-26 23:44:45,552 - INFO - Fetching unread emails...
2025-04-26 23:44:45,552 - INFO - Logging in to email account...
2025-04-26 23:44:47,513 - INFO - Logged in to email account successfully.
2025-04-26 23:44:48,094 - INFO - Status: OK
2025-04-26 23:44:48,469 - INFO - Logged out to email account successfully.
2025-04-26 23:44:49,470 - INFO - Processing incoming emails...
2025-04-26 23:44:49,470 - INFO - Fetching unread emails...
2025-04-26 23:44:49,470 - INFO - Logging in to email account...
2025-04-26 23:44:52,679 - INFO - Logged in to email account successfully.
2025-04-26 23:44:53,378 - INFO - Status: OK
2025-04-26 23:44:53,668 - INFO - Logged out to email account successfully.
2025-04-26 23:44:54,669 - INFO - Processing incoming emails...
2025-04-26 23:44:54,669 - INFO - Fetching unread emails...
2025-04-26 23:44:54,670 - INFO - Logging in to email account...
2025-04-26 23:44:56,766 - INFO - Logged in to email account successfully.
2025-04-26 23:44:57,347 - INFO - Status: OK
2025-04-26 23:44:57,630 - INFO - Logged out to email account successfully.
2025-04-26 23:44:58,631 - INFO - Processing incoming emails...
2025-04-26 23:44:58,632 - INFO - Fetching unread emails...
2025-04-26 23:44:58,632 - INFO - Logging in to email account...
2025-04-26 23:45:00,561 - INFO - Logged in to email account successfully.
2025-04-26 23:45:01,141 - INFO - Status: OK
2025-04-26 23:45:01,444 - INFO - Logged out to email account successfully.
2025-04-26 23:45:02,445 - INFO - Processing incoming emails...
2025-04-26 23:45:02,445 - INFO - Fetching unread emails...
2025-04-26 23:45:02,445 - INFO - Logging in to email account...
2025-04-26 23:45:04,748 - INFO - Logged in to email account successfully.
2025-04-26 23:45:05,358 - INFO - Status: OK
2025-04-26 23:45:05,658 - INFO - Logged out to email account successfully.
2025-04-26 23:45:06,659 - INFO - Processing incoming emails...
2025-04-26 23:45:06,659 - INFO - Fetching unread emails...
2025-04-26 23:45:06,659 - INFO - Logging in to email account...
2025-04-26 23:45:09,075 - INFO - Logged in to email account successfully.
2025-04-26 23:45:10,226 - INFO - Status: OK
2025-04-26 23:45:10,998 - INFO - Logged out to email account successfully.
2025-04-26 23:45:11,999 - INFO - Processing incoming emails...
2025-04-26 23:45:11,999 - INFO - Fetching unread emails...
2025-04-26 23:45:12,000 - INFO - Logging in to email account...
2025-04-26 23:45:15,086 - INFO - Logged in to email account successfully.
2025-04-26 23:45:15,712 - INFO - Status: OK
2025-04-26 23:45:15,994 - INFO - Logged out to email account successfully.
2025-04-26 23:45:16,995 - INFO - Processing incoming emails...
2025-04-26 23:45:16,996 - INFO - Fetching unread emails...
2025-04-26 23:45:16,996 - INFO - Logging in to email account...
2025-04-26 23:45:18,992 - INFO - Logged in to email account successfully.
2025-04-26 23:45:19,574 - INFO - Status: OK
2025-04-26 23:45:19,866 - INFO - Logged out to email account successfully.
2025-04-26 23:45:20,867 - INFO - Processing incoming emails...
2025-04-26 23:45:20,867 - INFO - Fetching unread emails...
2025-04-26 23:45:20,875 - INFO - Logging in to email account...
2025-04-26 23:45:22,918 - INFO - Logged in to email account successfully.
2025-04-26 23:45:23,583 - INFO - Status: OK
2025-04-26 23:45:23,871 - INFO - Logged out to email account successfully.
2025-04-26 23:45:24,872 - INFO - Processing incoming emails...
2025-04-26 23:45:24,873 - INFO - Fetching unread emails...
2025-04-26 23:45:24,873 - INFO - Logging in to email account...
2025-04-26 23:45:26,869 - INFO - Logged in to email account successfully.
2025-04-26 23:45:27,453 - INFO - Status: OK
2025-04-26 23:45:27,791 - INFO - Logged out to email account successfully.
2025-04-26 23:45:28,792 - INFO - Processing incoming emails...
2025-04-26 23:45:28,792 - INFO - Fetching unread emails...
2025-04-26 23:45:28,793 - INFO - Logging in to email account...
2025-04-26 23:45:30,890 - INFO - Logged in to email account successfully.
2025-04-26 23:45:31,471 - INFO - Status: OK
2025-04-26 23:45:31,754 - INFO - Logged out to email account successfully.
2025-04-26 23:45:32,755 - INFO - Processing incoming emails...
2025-04-26 23:45:32,756 - INFO - Fetching unread emails...
2025-04-26 23:45:32,756 - INFO - Logging in to email account...
2025-04-26 23:45:34,242 - INFO - Logged in to email account successfully.
2025-04-26 23:45:35,471 - INFO - Status: OK
2025-04-26 23:45:35,749 - INFO - Logged out to email account successfully.
2025-04-26 23:45:36,749 - INFO - Processing incoming emails...
2025-04-26 23:45:36,750 - INFO - Fetching unread emails...
2025-04-26 23:45:36,750 - INFO - Logging in to email account...
2025-04-26 23:45:38,747 - INFO - Logged in to email account successfully.
2025-04-26 23:45:39,336 - INFO - Status: OK
2025-04-26 23:45:39,669 - INFO - Logged out to email account successfully.
2025-04-26 23:45:40,670 - INFO - Processing incoming emails...
2025-04-26 23:45:40,671 - INFO - Fetching unread emails...
2025-04-26 23:45:40,671 - INFO - Logging in to email account...
2025-04-26 23:45:42,955 - INFO - Logged in to email account successfully.
2025-04-26 23:45:43,535 - INFO - Status: OK
2025-04-26 23:45:43,882 - INFO - Logged out to email account successfully.
2025-04-26 23:45:44,883 - INFO - Processing incoming emails...
2025-04-26 23:45:44,883 - INFO - Fetching unread emails...
2025-04-26 23:45:44,884 - INFO - Logging in to email account...
2025-04-26 23:45:47,385 - INFO - Logged in to email account successfully.
2025-04-26 23:45:48,074 - INFO - Status: OK
2025-04-26 23:45:48,370 - INFO - Logged out to email account successfully.
2025-04-26 23:45:49,371 - INFO - Processing incoming emails...
2025-04-26 23:45:49,371 - INFO - Fetching unread emails...
2025-04-26 23:45:49,372 - INFO - Logging in to email account...
2025-04-26 23:45:51,445 - INFO - Logged in to email account successfully.
2025-04-26 23:45:52,162 - INFO - Status: OK
2025-04-26 23:45:52,461 - INFO - Logged out to email account successfully.
2025-04-26 23:45:53,462 - INFO - Processing incoming emails...
2025-04-26 23:45:53,463 - INFO - Fetching unread emails...
2025-04-26 23:45:53,463 - INFO - Logging in to email account...
2025-04-26 23:45:55,803 - INFO - Logged in to email account successfully.
2025-04-26 23:45:56,573 - INFO - Status: OK
2025-04-26 23:45:56,872 - INFO - Logged out to email account successfully.
2025-04-26 23:45:57,873 - INFO - Processing incoming emails...
2025-04-26 23:45:57,873 - INFO - Fetching unread emails...
2025-04-26 23:45:57,873 - INFO - Logging in to email account...
2025-04-26 23:45:59,982 - INFO - Logged in to email account successfully.
2025-04-26 23:46:00,681 - INFO - Status: OK
2025-04-26 23:46:01,071 - INFO - Logged out to email account successfully.
2025-04-26 23:46:02,072 - INFO - Processing incoming emails...
2025-04-26 23:46:02,072 - INFO - Fetching unread emails...
2025-04-26 23:46:02,072 - INFO - Logging in to email account...
2025-04-26 23:46:04,106 - INFO - Logged in to email account successfully.
2025-04-26 23:46:04,755 - INFO - Status: OK
2025-04-26 23:46:05,166 - INFO - Logged out to email account successfully.
2025-04-26 23:46:06,167 - INFO - Processing incoming emails...
2025-04-26 23:46:06,167 - INFO - Fetching unread emails...
2025-04-26 23:46:06,175 - INFO - Logging in to email account...
2025-04-26 23:46:08,240 - INFO - Logged in to email account successfully.
2025-04-26 23:46:08,838 - INFO - Status: OK
2025-04-26 23:46:09,131 - INFO - Logged out to email account successfully.
2025-04-26 23:46:10,132 - INFO - Processing incoming emails...
2025-04-26 23:46:10,132 - INFO - Fetching unread emails...
2025-04-26 23:46:10,133 - INFO - Logging in to email account...
2025-04-26 23:46:17,038 - INFO - Logged in to email account successfully.
2025-04-26 23:46:17,860 - INFO - Status: OK
2025-04-26 23:46:18,141 - INFO - Logged out to email account successfully.
2025-04-26 23:46:19,142 - INFO - Processing incoming emails...
2025-04-26 23:46:19,142 - INFO - Fetching unread emails...
2025-04-26 23:46:19,142 - INFO - Logging in to email account...
2025-04-26 23:46:21,246 - INFO - Logged in to email account successfully.
2025-04-26 23:46:22,063 - INFO - Status: OK
2025-04-26 23:46:22,353 - INFO - Logged out to email account successfully.
2025-04-26 23:46:23,354 - INFO - Processing incoming emails...
2025-04-26 23:46:23,355 - INFO - Fetching unread emails...
2025-04-26 23:46:23,355 - INFO - Logging in to email account...
2025-04-26 23:46:26,773 - INFO - Logged in to email account successfully.
2025-04-26 23:46:27,350 - INFO - Status: OK
2025-04-26 23:46:27,694 - INFO - Logged out to email account successfully.
2025-04-26 23:46:28,695 - INFO - Processing incoming emails...
2025-04-26 23:46:28,696 - INFO - Fetching unread emails...
2025-04-26 23:46:28,696 - INFO - Logging in to email account...
2025-04-26 23:46:30,886 - INFO - Logged in to email account successfully.
2025-04-26 23:46:31,469 - INFO - Status: OK
2025-04-26 23:46:31,760 - INFO - Logged out to email account successfully.
2025-04-26 23:46:32,761 - INFO - Processing incoming emails...
2025-04-26 23:46:32,761 - INFO - Fetching unread emails...
2025-04-26 23:46:32,762 - INFO - Logging in to email account...
2025-04-26 23:46:35,018 - INFO - Logged in to email account successfully.
2025-04-26 23:46:35,667 - INFO - Status: OK
2025-04-26 23:46:35,986 - INFO - Logged out to email account successfully.
2025-04-26 23:46:36,986 - INFO - Processing incoming emails...
2025-04-26 23:46:36,987 - INFO - Fetching unread emails...
2025-04-26 23:46:36,987 - INFO - Logging in to email account...
2025-04-26 23:46:39,067 - INFO - Logged in to email account successfully.
2025-04-26 23:46:39,773 - INFO - Status: OK
2025-04-26 23:46:40,071 - INFO - Logged out to email account successfully.
2025-04-26 23:46:41,072 - INFO - Processing incoming emails...
2025-04-26 23:46:41,073 - INFO - Fetching unread emails...
2025-04-26 23:46:41,073 - INFO - Logging in to email account...
2025-04-26 23:46:42,299 - INFO - Logged in to email account successfully.
2025-04-26 23:46:43,039 - INFO - Status: OK
2025-04-26 23:46:43,355 - INFO - Logged out to email account successfully.
2025-04-26 23:46:44,355 - INFO - Processing incoming emails...
2025-04-26 23:46:44,356 - INFO - Fetching unread emails...
2025-04-26 23:46:44,356 - INFO - Logging in to email account...
2025-04-26 23:46:46,726 - INFO - Logged in to email account successfully.
2025-04-26 23:46:47,360 - INFO - Status: OK
2025-04-26 23:46:47,767 - INFO - Logged out to email account successfully.
2025-04-26 23:46:48,768 - INFO - Processing incoming emails...
2025-04-26 23:46:48,768 - INFO - Fetching unread emails...
2025-04-26 23:46:48,768 - INFO - Logging in to email account...
2025-04-26 23:46:51,955 - INFO - Logged in to email account successfully.
2025-04-26 23:46:52,679 - INFO - Status: OK
2025-04-26 23:46:52,981 - INFO - Logged out to email account successfully.
2025-04-26 23:46:53,981 - INFO - Processing incoming emails...
2025-04-26 23:46:53,982 - INFO - Fetching unread emails...
2025-04-26 23:46:53,982 - INFO - Logging in to email account...
2025-04-26 23:46:55,903 - INFO - Logged in to email account successfully.
2025-04-26 23:46:56,673 - INFO - Status: OK
2025-04-26 23:46:56,978 - INFO - Logged out to email account successfully.
2025-04-26 23:46:57,978 - INFO - Processing incoming emails...
2025-04-26 23:46:57,979 - INFO - Fetching unread emails...
2025-04-26 23:46:57,979 - INFO - Logging in to email account...
2025-04-26 23:46:59,578 - INFO - Logged in to email account successfully.
2025-04-26 23:47:00,261 - INFO - Status: OK
2025-04-26 23:47:00,546 - INFO - Logged out to email account successfully.
2025-04-26 23:47:01,547 - INFO - Processing incoming emails...
2025-04-26 23:47:01,547 - INFO - Fetching unread emails...
2025-04-26 23:47:01,548 - INFO - Logging in to email account...
2025-04-26 23:47:03,764 - INFO - Logged in to email account successfully.
2025-04-26 23:47:04,440 - INFO - Status: OK
2025-04-26 23:47:04,731 - INFO - Logged out to email account successfully.
2025-04-26 23:47:05,732 - INFO - Processing incoming emails...
2025-04-26 23:47:05,732 - INFO - Fetching unread emails...
2025-04-26 23:47:05,733 - INFO - Logging in to email account...
2025-04-26 23:47:07,184 - INFO - Logged in to email account successfully.
2025-04-26 23:47:07,828 - INFO - Status: OK
2025-04-26 23:47:08,122 - INFO - Logged out to email account successfully.
2025-04-26 23:47:09,123 - INFO - Processing incoming emails...
2025-04-26 23:47:09,124 - INFO - Fetching unread emails...
2025-04-26 23:47:09,124 - INFO - Logging in to email account...
2025-04-26 23:47:11,075 - INFO - Logged in to email account successfully.
2025-04-26 23:47:11,713 - INFO - Status: OK
2025-04-26 23:47:12,008 - INFO - Logged out to email account successfully.
2025-04-26 23:47:13,009 - INFO - Processing incoming emails...
2025-04-26 23:47:13,009 - INFO - Fetching unread emails...
2025-04-26 23:47:13,010 - INFO - Logging in to email account...
2025-04-26 23:47:15,804 - INFO - Logged in to email account successfully.
2025-04-26 23:47:16,411 - INFO - Status: OK
2025-04-26 23:47:16,696 - INFO - Logged out to email account successfully.
2025-04-26 23:47:17,696 - INFO - Processing incoming emails...
2025-04-26 23:47:17,697 - INFO - Fetching unread emails...
2025-04-26 23:47:17,697 - INFO - Logging in to email account...
2025-04-26 23:47:19,713 - INFO - Logged in to email account successfully.
2025-04-26 23:47:20,417 - INFO - Status: OK
2025-04-26 23:47:20,730 - INFO - Logged out to email account successfully.
2025-04-26 23:47:21,731 - INFO - Processing incoming emails...
2025-04-26 23:47:21,732 - INFO - Fetching unread emails...
2025-04-26 23:47:21,732 - INFO - Logging in to email account...
2025-04-26 23:47:23,810 - INFO - Logged in to email account successfully.
2025-04-26 23:47:24,416 - INFO - Status: OK
2025-04-26 23:47:24,701 - INFO - Logged out to email account successfully.
2025-04-26 23:47:25,702 - INFO - Processing incoming emails...
2025-04-26 23:47:25,702 - INFO - Fetching unread emails...
2025-04-26 23:47:25,756 - INFO - Logging in to email account...
2025-04-26 23:47:27,766 - INFO - Logged in to email account successfully.
2025-04-26 23:47:28,399 - INFO - Status: OK
2025-04-26 23:47:28,684 - INFO - Logged out to email account successfully.
2025-04-26 23:47:29,684 - INFO - Processing incoming emails...
2025-04-26 23:47:29,685 - INFO - Fetching unread emails...
2025-04-26 23:47:29,685 - INFO - Logging in to email account...
2025-04-26 23:47:33,120 - INFO - Logged in to email account successfully.
2025-04-26 23:47:33,701 - INFO - Status: OK
2025-04-26 23:47:33,985 - INFO - Logged out to email account successfully.
2025-04-26 23:47:34,986 - INFO - Processing incoming emails...
2025-04-26 23:47:34,987 - INFO - Fetching unread emails...
2025-04-26 23:47:34,988 - INFO - Logging in to email account...
2025-04-26 23:47:36,868 - INFO - Logged in to email account successfully.
2025-04-26 23:47:37,525 - INFO - Status: OK
2025-04-26 23:47:38,251 - INFO - Logged out to email account successfully.
2025-04-26 23:47:39,252 - INFO - Processing incoming emails...
2025-04-26 23:47:39,252 - INFO - Fetching unread emails...
2025-04-26 23:47:39,252 - INFO - Logging in to email account...
2025-04-26 23:47:42,260 - INFO - Logged in to email account successfully.
2025-04-26 23:47:43,470 - INFO - Status: OK
2025-04-26 23:47:43,753 - INFO - Logged out to email account successfully.
2025-04-26 23:47:44,759 - INFO - Processing incoming emails...
2025-04-26 23:47:44,759 - INFO - Fetching unread emails...
2025-04-26 23:47:44,760 - INFO - Logging in to email account...
2025-04-26 23:47:46,045 - INFO - Logged in to email account successfully.
2025-04-26 23:47:46,628 - INFO - Status: OK
2025-04-26 23:47:46,922 - INFO - Logged out to email account successfully.
2025-04-26 23:47:47,923 - INFO - Processing incoming emails...
2025-04-26 23:47:47,923 - INFO - Fetching unread emails...
2025-04-26 23:47:47,924 - INFO - Logging in to email account...
2025-04-26 23:47:49,919 - INFO - Logged in to email account successfully.
2025-04-26 23:47:50,541 - INFO - Status: OK
2025-04-26 23:47:50,855 - INFO - Logged out to email account successfully.
2025-04-26 23:47:51,856 - INFO - Processing incoming emails...
2025-04-26 23:47:51,856 - INFO - Fetching unread emails...
2025-04-26 23:47:51,856 - INFO - Logging in to email account...
2025-04-26 23:47:53,913 - INFO - Logged in to email account successfully.
2025-04-26 23:47:54,510 - INFO - Status: OK
2025-04-26 23:47:54,786 - INFO - Logged out to email account successfully.
2025-04-26 23:47:55,787 - INFO - Processing incoming emails...
2025-04-26 23:47:55,788 - INFO - Fetching unread emails...
2025-04-26 23:47:55,788 - INFO - Logging in to email account...
2025-04-26 23:47:57,833 - INFO - Logged in to email account successfully.
2025-04-26 23:47:58,618 - INFO - Status: OK
2025-04-26 23:47:58,912 - INFO - Logged out to email account successfully.
2025-04-26 23:47:59,913 - INFO - Processing incoming emails...
2025-04-26 23:47:59,914 - INFO - Fetching unread emails...
2025-04-26 23:47:59,914 - INFO - Logging in to email account...
2025-04-26 23:48:02,027 - INFO - Logged in to email account successfully.
2025-04-26 23:48:02,829 - INFO - Status: OK
2025-04-26 23:48:03,125 - INFO - Logged out to email account successfully.
2025-04-26 23:48:04,126 - INFO - Processing incoming emails...
2025-04-26 23:48:04,126 - INFO - Fetching unread emails...
2025-04-26 23:48:04,126 - INFO - Logging in to email account...
2025-04-26 23:48:06,402 - INFO - Logged in to email account successfully.
2025-04-26 23:48:07,117 - INFO - Status: OK
2025-04-26 23:48:07,409 - INFO - Logged out to email account successfully.
2025-04-26 23:48:08,410 - INFO - Processing incoming emails...
2025-04-26 23:48:08,411 - INFO - Fetching unread emails...
2025-04-26 23:48:08,411 - INFO - Logging in to email account...
2025-04-26 23:48:10,403 - INFO - Logged in to email account successfully.
2025-04-26 23:48:11,334 - INFO - Status: OK
2025-04-26 23:48:11,731 - INFO - Logged out to email account successfully.
2025-04-26 23:48:12,732 - INFO - Processing incoming emails...
2025-04-26 23:48:12,732 - INFO - Fetching unread emails...
2025-04-26 23:48:12,733 - INFO - Logging in to email account...
2025-04-26 23:48:15,015 - INFO - Logged in to email account successfully.
2025-04-26 23:48:15,622 - INFO - Status: OK
2025-04-26 23:48:15,906 - INFO - Logged out to email account successfully.
2025-04-26 23:48:16,909 - INFO - Processing incoming emails...
2025-04-26 23:48:16,909 - INFO - Fetching unread emails...
2025-04-26 23:48:16,909 - INFO - Logging in to email account...
2025-04-26 23:48:19,617 - INFO - Logged in to email account successfully.
2025-04-26 23:48:20,205 - INFO - Status: OK
2025-04-26 23:48:20,486 - INFO - Logged out to email account successfully.
2025-04-26 23:48:21,487 - INFO - Processing incoming emails...
2025-04-26 23:48:21,487 - INFO - Fetching unread emails...
2025-04-26 23:48:21,487 - INFO - Logging in to email account...
2025-04-26 23:48:23,606 - INFO - Logged in to email account successfully.
2025-04-26 23:48:24,231 - INFO - Status: OK
2025-04-26 23:48:24,518 - INFO - Logged out to email account successfully.
2025-04-26 23:48:25,519 - INFO - Processing incoming emails...
2025-04-26 23:48:25,519 - INFO - Fetching unread emails...
2025-04-26 23:48:25,519 - INFO - Logging in to email account...
2025-04-26 23:48:27,616 - INFO - Logged in to email account successfully.
2025-04-26 23:48:28,326 - INFO - Status: OK
2025-04-26 23:48:28,622 - INFO - Logged out to email account successfully.
2025-04-26 23:48:29,623 - INFO - Processing incoming emails...
2025-04-26 23:48:29,623 - INFO - Fetching unread emails...
2025-04-26 23:48:29,624 - INFO - Logging in to email account...
2025-04-26 23:48:31,289 - INFO - Logged in to email account successfully.
2025-04-26 23:48:31,899 - INFO - Status: OK
2025-04-26 23:48:32,192 - INFO - Logged out to email account successfully.
2025-04-26 23:48:33,194 - INFO - Processing incoming emails...
2025-04-26 23:48:33,194 - INFO - Fetching unread emails...
2025-04-26 23:48:33,194 - INFO - Logging in to email account...
2025-04-26 23:48:35,182 - INFO - Logged in to email account successfully.
2025-04-26 23:48:35,781 - INFO - Status: OK
2025-04-26 23:48:36,064 - INFO - Logged out to email account successfully.
2025-04-26 23:48:37,065 - INFO - Processing incoming emails...
2025-04-26 23:48:37,066 - INFO - Fetching unread emails...
2025-04-26 23:48:37,066 - INFO - Logging in to email account...
2025-04-26 23:48:39,069 - INFO - Logged in to email account successfully.
2025-04-26 23:48:39,654 - INFO - Status: OK
2025-04-26 23:48:39,993 - INFO - Logged out to email account successfully.
2025-04-26 23:48:40,994 - INFO - Processing incoming emails...
2025-04-26 23:48:40,994 - INFO - Fetching unread emails...
2025-04-26 23:48:40,994 - INFO - Logging in to email account...
2025-04-26 23:48:43,167 - INFO - Logged in to email account successfully.
2025-04-26 23:48:43,752 - INFO - Status: OK
2025-04-26 23:48:44,090 - INFO - Logged out to email account successfully.
2025-04-26 23:48:45,091 - INFO - Processing incoming emails...
2025-04-26 23:48:45,091 - INFO - Fetching unread emails...
2025-04-26 23:48:45,092 - INFO - Logging in to email account...
2025-04-26 23:48:47,194 - INFO - Logged in to email account successfully.
2025-04-26 23:48:47,863 - INFO - Status: OK
2025-04-26 23:48:48,156 - INFO - Logged out to email account successfully.
2025-04-26 23:48:49,157 - INFO - Processing incoming emails...
2025-04-26 23:48:49,157 - INFO - Fetching unread emails...
2025-04-26 23:48:49,158 - INFO - Logging in to email account...
2025-04-26 23:48:50,750 - INFO - Logged in to email account successfully.
2025-04-26 23:48:51,335 - INFO - Status: OK
2025-04-26 23:48:51,612 - INFO - Logged out to email account successfully.
2025-04-26 23:48:52,614 - INFO - Processing incoming emails...
2025-04-26 23:48:52,614 - INFO - Fetching unread emails...
2025-04-26 23:48:52,614 - INFO - Logging in to email account...
2025-04-26 23:48:54,613 - INFO - Logged in to email account successfully.
2025-04-26 23:48:55,240 - INFO - Status: OK
2025-04-26 23:48:55,521 - INFO - Logged out to email account successfully.
2025-04-26 23:48:56,522 - INFO - Processing incoming emails...
2025-04-26 23:48:56,522 - INFO - Fetching unread emails...
2025-04-26 23:48:56,522 - INFO - Logging in to email account...
2025-04-26 23:48:58,537 - INFO - Logged in to email account successfully.
2025-04-26 23:48:59,135 - INFO - Status: OK
2025-04-26 23:48:59,417 - INFO - Logged out to email account successfully.
2025-04-26 23:49:00,417 - INFO - Processing incoming emails...
2025-04-26 23:49:00,418 - INFO - Fetching unread emails...
2025-04-26 23:49:00,418 - INFO - Logging in to email account...
2025-04-26 23:49:02,426 - INFO - Logged in to email account successfully.
2025-04-26 23:49:03,012 - INFO - Status: OK
2025-04-26 23:49:03,348 - INFO - Logged out to email account successfully.
2025-04-26 23:49:04,349 - INFO - Processing incoming emails...
2025-04-26 23:49:04,349 - INFO - Fetching unread emails...
2025-04-26 23:49:04,350 - INFO - Logging in to email account...
2025-04-26 23:49:05,872 - INFO - Logged in to email account successfully.
2025-04-26 23:49:06,514 - INFO - Status: OK
2025-04-26 23:49:06,798 - INFO - Logged out to email account successfully.
2025-04-26 23:49:07,798 - INFO - Processing incoming emails...
2025-04-26 23:49:07,799 - INFO - Fetching unread emails...
2025-04-26 23:49:07,807 - INFO - Logging in to email account...
2025-04-26 23:49:09,793 - INFO - Logged in to email account successfully.
2025-04-26 23:49:10,391 - INFO - Status: OK
2025-04-26 23:49:10,683 - INFO - Logged out to email account successfully.
2025-04-26 23:49:11,684 - INFO - Processing incoming emails...
2025-04-26 23:49:11,684 - INFO - Fetching unread emails...
2025-04-26 23:49:11,685 - INFO - Logging in to email account...
2025-04-26 23:49:13,684 - INFO - Logged in to email account successfully.
2025-04-26 23:49:14,385 - INFO - Status: OK
2025-04-26 23:49:14,677 - INFO - Logged out to email account successfully.
2025-04-26 23:49:15,678 - INFO - Processing incoming emails...
2025-04-26 23:49:15,678 - INFO - Fetching unread emails...
2025-04-26 23:49:15,678 - INFO - Logging in to email account...
2025-04-26 23:49:17,637 - INFO - Logged in to email account successfully.
2025-04-26 23:49:18,291 - INFO - Status: OK
2025-04-26 23:49:18,574 - INFO - Logged out to email account successfully.
2025-04-26 23:49:19,575 - INFO - Processing incoming emails...
2025-04-26 23:49:19,575 - INFO - Fetching unread emails...
2025-04-26 23:49:19,576 - INFO - Logging in to email account...
2025-04-26 23:49:21,393 - INFO - Logged in to email account successfully.
2025-04-26 23:49:22,072 - INFO - Status: OK
2025-04-26 23:49:22,353 - INFO - Logged out to email account successfully.
2025-04-26 23:49:23,354 - INFO - Processing incoming emails...
2025-04-26 23:49:23,354 - INFO - Fetching unread emails...
2025-04-26 23:49:23,355 - INFO - Logging in to email account...
2025-04-26 23:49:25,264 - INFO - Logged in to email account successfully.
2025-04-26 23:49:25,835 - INFO - Status: OK
2025-04-26 23:49:26,193 - INFO - Logged out to email account successfully.
2025-04-26 23:49:27,194 - INFO - Processing incoming emails...
2025-04-26 23:49:27,194 - INFO - Fetching unread emails...
2025-04-26 23:49:27,194 - INFO - Logging in to email account...
2025-04-26 23:49:29,249 - INFO - Logged in to email account successfully.
2025-04-26 23:49:29,861 - INFO - Status: OK
2025-04-26 23:49:30,143 - INFO - Logged out to email account successfully.
2025-04-26 23:49:31,144 - INFO - Processing incoming emails...
2025-04-26 23:49:31,144 - INFO - Fetching unread emails...
2025-04-26 23:49:31,145 - INFO - Logging in to email account...
2025-04-26 23:49:33,284 - INFO - Logged in to email account successfully.
2025-04-26 23:49:33,950 - INFO - Status: OK
2025-04-26 23:49:34,256 - INFO - Logged out to email account successfully.
2025-04-26 23:49:35,257 - INFO - Processing incoming emails...
2025-04-26 23:49:35,258 - INFO - Fetching unread emails...
2025-04-26 23:49:35,258 - INFO - Logging in to email account...
2025-04-26 23:49:37,338 - INFO - Logged in to email account successfully.
2025-04-26 23:49:37,922 - INFO - Status: OK
2025-04-26 23:49:38,258 - INFO - Logged out to email account successfully.
2025-04-26 23:49:39,259 - INFO - Processing incoming emails...
2025-04-26 23:49:39,260 - INFO - Fetching unread emails...
2025-04-26 23:49:39,260 - INFO - Logging in to email account...
2025-04-26 23:49:41,330 - INFO - Logged in to email account successfully.
2025-04-26 23:49:42,047 - INFO - Status: OK
2025-04-26 23:49:42,333 - INFO - Logged out to email account successfully.
2025-04-26 23:49:43,334 - INFO - Processing incoming emails...
2025-04-26 23:49:43,334 - INFO - Fetching unread emails...
2025-04-26 23:49:43,334 - INFO - Logging in to email account...
2025-04-26 23:49:45,258 - INFO - Logged in to email account successfully.
2025-04-26 23:49:45,823 - INFO - Status: OK
2025-04-26 23:49:46,142 - INFO - Logged out to email account successfully.
2025-04-26 23:49:47,143 - INFO - Processing incoming emails...
2025-04-26 23:49:47,143 - INFO - Fetching unread emails...
2025-04-26 23:49:47,144 - INFO - Logging in to email account...
2025-04-26 23:49:48,611 - INFO - Logged in to email account successfully.
2025-04-26 23:49:49,224 - INFO - Status: OK
2025-04-26 23:49:49,508 - INFO - Logged out to email account successfully.
2025-04-26 23:49:50,509 - INFO - Processing incoming emails...
2025-04-26 23:49:50,509 - INFO - Fetching unread emails...
2025-04-26 23:49:50,510 - INFO - Logging in to email account...
2025-04-26 23:49:52,804 - INFO - Logged in to email account successfully.
2025-04-26 23:49:53,385 - INFO - Status: OK
2025-04-26 23:49:53,729 - INFO - Logged out to email account successfully.
2025-04-26 23:49:54,730 - INFO - Processing incoming emails...
2025-04-26 23:49:54,731 - INFO - Fetching unread emails...
2025-04-26 23:49:54,731 - INFO - Logging in to email account...
2025-04-26 23:49:56,669 - INFO - Logged in to email account successfully.
2025-04-26 23:49:57,303 - INFO - Status: OK
2025-04-26 23:49:57,588 - INFO - Logged out to email account successfully.
2025-04-26 23:49:58,589 - INFO - Processing incoming emails...
2025-04-26 23:49:58,589 - INFO - Fetching unread emails...
2025-04-26 23:49:58,589 - INFO - Logging in to email account...
2025-04-26 23:50:00,081 - INFO - Logged in to email account successfully.
2025-04-26 23:50:00,785 - INFO - Status: OK
2025-04-26 23:50:01,067 - INFO - Logged out to email account successfully.
2025-04-26 23:50:02,068 - INFO - Processing incoming emails...
2025-04-26 23:50:02,068 - INFO - Fetching unread emails...
2025-04-26 23:50:02,069 - INFO - Logging in to email account...
2025-04-26 23:50:04,275 - INFO - Logged in to email account successfully.
2025-04-26 23:50:04,854 - INFO - Status: OK
2025-04-26 23:50:05,188 - INFO - Logged out to email account successfully.
2025-04-26 23:50:06,190 - INFO - Processing incoming emails...
2025-04-26 23:50:06,190 - INFO - Fetching unread emails...
2025-04-26 23:50:06,190 - INFO - Logging in to email account...
2025-04-26 23:50:08,261 - INFO - Logged in to email account successfully.
2025-04-26 23:50:08,850 - INFO - Status: OK
2025-04-26 23:50:09,135 - INFO - Logged out to email account successfully.
2025-04-26 23:50:10,136 - INFO - Processing incoming emails...
2025-04-26 23:50:10,136 - INFO - Fetching unread emails...
2025-04-26 23:50:10,137 - INFO - Logging in to email account...
2025-04-26 23:50:12,054 - INFO - Logged in to email account successfully.
2025-04-26 23:50:12,664 - INFO - Status: OK
2025-04-26 23:50:12,941 - INFO - Logged out to email account successfully.
2025-04-26 23:50:13,943 - INFO - Processing incoming emails...
2025-04-26 23:50:13,943 - INFO - Fetching unread emails...
2025-04-26 23:50:13,944 - INFO - Logging in to email account...
2025-04-26 23:50:15,351 - INFO - Logged in to email account successfully.
2025-04-26 23:50:16,031 - INFO - Status: OK
2025-04-26 23:50:16,319 - INFO - Logged out to email account successfully.
2025-04-26 23:50:17,320 - INFO - Processing incoming emails...
2025-04-26 23:50:17,320 - INFO - Fetching unread emails...
2025-04-26 23:50:17,321 - INFO - Logging in to email account...
2025-04-26 23:50:18,709 - INFO - Logged in to email account successfully.
2025-04-26 23:50:19,407 - INFO - Status: OK
2025-04-26 23:50:19,693 - INFO - Logged out to email account successfully.
2025-04-26 23:50:20,694 - INFO - Processing incoming emails...
2025-04-26 23:50:20,694 - INFO - Fetching unread emails...
2025-04-26 23:50:20,695 - INFO - Logging in to email account...
2025-04-26 23:50:22,704 - INFO - Logged in to email account successfully.
2025-04-26 23:50:23,413 - INFO - Status: OK
2025-04-26 23:50:23,712 - INFO - Logged out to email account successfully.
2025-04-26 23:50:24,713 - INFO - Processing incoming emails...
2025-04-26 23:50:24,713 - INFO - Fetching unread emails...
2025-04-26 23:50:24,713 - INFO - Logging in to email account...
2025-04-26 23:50:26,182 - INFO - Logged in to email account successfully.
2025-04-26 23:50:26,892 - INFO - Status: OK
2025-04-26 23:50:27,178 - INFO - Logged out to email account successfully.
2025-04-26 23:50:28,179 - INFO - Processing incoming emails...
2025-04-26 23:50:28,179 - INFO - Fetching unread emails...
2025-04-26 23:50:28,179 - INFO - Logging in to email account...
2025-04-26 23:50:30,476 - INFO - Logged in to email account successfully.
2025-04-26 23:50:31,112 - INFO - Status: OK
2025-04-26 23:50:31,406 - INFO - Logged out to email account successfully.
2025-04-26 23:50:32,407 - INFO - Processing incoming emails...
2025-04-26 23:50:32,408 - INFO - Fetching unread emails...
2025-04-26 23:50:32,408 - INFO - Logging in to email account...
2025-04-26 23:50:34,344 - INFO - Logged in to email account successfully.
2025-04-26 23:50:34,913 - INFO - Status: OK
2025-04-26 23:50:35,194 - INFO - Logged out to email account successfully.
2025-04-26 23:50:36,195 - INFO - Processing incoming emails...
2025-04-26 23:50:36,195 - INFO - Fetching unread emails...
2025-04-26 23:50:36,196 - INFO - Logging in to email account...
2025-04-26 23:50:37,940 - INFO - Logged in to email account successfully.
2025-04-26 23:50:38,523 - INFO - Status: OK
2025-04-26 23:50:38,877 - INFO - Logged out to email account successfully.
2025-04-26 23:50:39,878 - INFO - Processing incoming emails...
2025-04-26 23:50:39,879 - INFO - Fetching unread emails...
2025-04-26 23:50:39,879 - INFO - Logging in to email account...
2025-04-26 23:50:42,359 - INFO - Logged in to email account successfully.
2025-04-26 23:50:43,078 - INFO - Status: OK
2025-04-26 23:50:43,486 - INFO - Logged out to email account successfully.
2025-04-26 23:50:44,487 - INFO - Processing incoming emails...
2025-04-26 23:50:44,487 - INFO - Fetching unread emails...
2025-04-26 23:50:44,487 - INFO - Logging in to email account...
2025-04-26 23:50:45,943 - INFO - Logged in to email account successfully.
2025-04-26 23:50:46,533 - INFO - Status: OK
2025-04-26 23:50:46,829 - INFO - Logged out to email account successfully.
2025-04-26 23:50:47,830 - INFO - Processing incoming emails...
2025-04-26 23:50:47,830 - INFO - Fetching unread emails...
2025-04-26 23:50:47,830 - INFO - Logging in to email account...
2025-04-26 23:50:49,311 - INFO - Logged in to email account successfully.
2025-04-26 23:50:49,931 - INFO - Status: OK
2025-04-26 23:50:50,222 - INFO - Logged out to email account successfully.
2025-04-26 23:50:51,223 - INFO - Processing incoming emails...
2025-04-26 23:50:51,224 - INFO - Fetching unread emails...
2025-04-26 23:50:51,224 - INFO - Logging in to email account...
2025-04-26 23:50:53,020 - INFO - Logged in to email account successfully.
2025-04-26 23:50:53,626 - INFO - Status: OK
2025-04-26 23:50:53,908 - INFO - Logged out to email account successfully.
2025-04-26 23:50:54,909 - INFO - Processing incoming emails...
2025-04-26 23:50:54,909 - INFO - Fetching unread emails...
2025-04-26 23:50:54,910 - INFO - Logging in to email account...
2025-04-26 23:50:56,718 - INFO - Logged in to email account successfully.
2025-04-26 23:50:57,313 - INFO - Status: OK
2025-04-26 23:50:57,598 - INFO - Logged out to email account successfully.
2025-04-26 23:50:58,599 - INFO - Processing incoming emails...
2025-04-26 23:50:58,599 - INFO - Fetching unread emails...
2025-04-26 23:50:58,600 - INFO - Logging in to email account...
2025-04-26 23:51:00,590 - INFO - Logged in to email account successfully.
2025-04-26 23:51:01,406 - INFO - Status: OK
2025-04-26 23:51:01,694 - INFO - Logged out to email account successfully.
2025-04-26 23:51:02,695 - INFO - Processing incoming emails...
2025-04-26 23:51:02,695 - INFO - Fetching unread emails...
2025-04-26 23:51:02,696 - INFO - Logging in to email account...
2025-04-26 23:51:03,812 - INFO - Logged in to email account successfully.
2025-04-26 23:51:04,458 - INFO - Status: OK
2025-04-26 23:51:04,780 - INFO - Logged out to email account successfully.
2025-04-26 23:51:05,781 - INFO - Processing incoming emails...
2025-04-26 23:51:05,781 - INFO - Fetching unread emails...
2025-04-26 23:51:05,782 - INFO - Logging in to email account...
2025-04-26 23:51:07,770 - INFO - Logged in to email account successfully.
2025-04-26 23:51:08,359 - INFO - Status: OK
2025-04-26 23:51:08,651 - INFO - Logged out to email account successfully.
2025-04-26 23:51:09,652 - INFO - Processing incoming emails...
2025-04-26 23:51:09,653 - INFO - Fetching unread emails...
2025-04-26 23:51:09,653 - INFO - Logging in to email account...
2025-04-26 23:51:12,926 - INFO - Logging in to email account...
2025-04-26 23:51:14,841 - INFO - Logged in to email account successfully.
2025-04-26 23:51:14,842 - INFO - Checking for new emails...
2025-04-26 23:51:14,843 - INFO - Processing incoming emails...
2025-04-26 23:51:14,843 - INFO - Fetching unread emails...
2025-04-26 23:51:14,844 - INFO - Logging in to email account...
2025-04-26 23:51:16,766 - INFO - Logged in to email account successfully.
2025-04-26 23:51:17,353 - INFO - Status: OK
2025-04-26 23:51:17,636 - INFO - Logged out to email account successfully.
2025-04-26 23:52:17,637 - INFO - Checking for new emails...
2025-04-26 23:52:17,638 - INFO - Processing incoming emails...
2025-04-26 23:52:17,638 - INFO - Fetching unread emails...
2025-04-26 23:52:17,638 - INFO - Logging in to email account...
2025-04-26 23:52:18,943 - INFO - Logged in to email account successfully.
2025-04-26 23:52:19,647 - INFO - Status: OK
2025-04-26 23:52:19,931 - INFO - Logged out to email account successfully.
2025-04-26 23:53:19,932 - INFO - Checking for new emails...
2025-04-26 23:53:19,932 - INFO - Processing incoming emails...
2025-04-26 23:53:19,933 - INFO - Fetching unread emails...
2025-04-26 23:53:19,933 - INFO - Logging in to email account...
2025-04-26 23:53:22,060 - INFO - Logged in to email account successfully.
2025-04-26 23:53:22,649 - INFO - Status: OK
2025-04-26 23:53:22,948 - INFO - Logged out to email account successfully.
